spp,size,family,fg,habitat,Included
Abudefduf abdominalis,30,Pomacentridae,Planktivore,Reef,1
Abudefduf saxatilis,22.9,Pomacentridae,Planktivore,Reef,1
Abudefduf septemfasciatus,23,Pomacentridae,Planktivore,Reef,1
Abudefduf sexfasciatus,19,Pomacentridae,Planktivore,Reef,1
Abudefduf sordidus,24,Pomacentridae,Planktivore,Reef,1
Abudefduf vaigiensis,20,Pomacentridae,Planktivore,Reef,1
Abudefduf whitleyi,14,Pomacentridae,Planktivore,Reef,1
Acanthemblemaria aspera,4,Chaenopsidae,Detritivore,Reef,1
Acanthemblemaria maria,5.1,Chaenopsidae,Detritivore,Reef,1
Acanthistius fuscus,40,Serranidae,Piscivore,Reef,1
Acanthochromis polyacanthus,14,Pomacentridae,Planktivore,Reef,1
Acanthurus coeruleus,39,Acanthuridae,Grazer,Out,0
Acanthostracion polygonius,50,Ostraciidae,Micro-invertivore,Reef,1
Acanthostracion quadricornis,55,Ostraciidae,Micro-invertivore,Reef,1
Acanthurus achilles,24,Acanthuridae,Grazer,Reef,1
Acanthurus achilles,24,Acanthuridae,Grazer,Reef,1
Acanthurus albipectoralis,33,Acanthuridae,Planktivore,Reef,1
Acanthurus auranticavus,45,Acanthuridae,Grazer,Reef,1
Acanthurus bahianus,38.1,Acanthuridae,Grazer,Reef,1
Acanthurus bariene,50,Acanthuridae,Grazer,Reef,1
Acanthurus blochii,45,Acanthuridae,Grazer,Reef,1
Acanthurus blochii,45,Acanthuridae,Grazer,Reef,1
Acanthurus chirugus,39,Acanthuridae,Grazer,Reef,1
Albula glossodonta,90,Albulidae,NA,Sand,0
Acanthurus dussumieri,54,Acanthuridae,Grazer,Reef,1
Acanthurus fowleri,45,Acanthuridae,Grazer,Reef,1
Acanthurus grammoptilus,35,Acanthuridae,Grazer,Reef,1
Acanthurus guttatus,26,Acanthuridae,Grazer,Reef,1
Acanthurus leucocheilus,45,Acanthuridae,Grazer,Reef,1
Acanthurus leucopareius,25,Acanthuridae,Grazer,Reef,1
Acanthurus leucosternon,54,Acanthuridae,Grazer,Reef,1
Acanthurus lineatus,38,Acanthuridae,Grazer,Reef,1
Acanthurus maculiceps,40,Acanthuridae,Grazer,Reef,1
Acanthurus mata,50,Acanthuridae,Planktivore,Reef,1
Acanthurus nigricans,21.3,Acanthuridae,Grazer,Reef,1
Acanthurus nigricauda,40,Acanthuridae,Grazer,Reef,1
Acanthurus nigrofuscus,21,Acanthuridae,Grazer,Reef,1
Acanthurus nigroris,25,Acanthuridae,Grazer,Reef,1
Acanthurus nigroris,25,Acanthuridae,Grazer,Reef,1
Acanthurus nubilus,26,Acanthuridae,Planktivore,Reef,1
Acanthurus olivaceus,35,Acanthuridae,Detritivore,Reef,1
Acanthurus olivaceus,35,Acanthuridae,Detritivore,Reef,1
Acanthurus pyroferus,29,Acanthuridae,Grazer,Reef,1
Acanthurus sp,36,Acanthuridae,Grazer,Reef,1
Acanthurus sp,36,Acanthuridae,Grazer,Reef,1
Acanthurus tennentii,31,Acanthuridae,Detritivore,Reef,1
Acanthurus thompsoni,27,Acanthuridae,Planktivore,Reef,1
Acanthurus triostegus,27,Acanthuridae,Grazer,Reef,1
Acanthurus tristis,25,Acanthuridae,Grazer,Reef,1
Acanthurus xanthopterus,70,Acanthuridae,Grazer,Reef,1
Aethaloperca rogaa,60,Serranidae,Piscivore,Reef,1
Atherinomorus insularum,9,Atherinidae,Planktivore,Pelagic,0
Platybelone argalus,50,Belonidae,Piscivore,Pelagic,0
Strongylura notata,61,Belonidae,Piscivore,Pelagic,0
Tylosurus crocodilus,150,Belonidae,Piscivore,Pelagic,0
Aluterus scriptus,110,Monacanthidae,Micro-invertivore,Reef,1
Amanses scopas,20,Monacanthidae,Micro-invertivore,Reef,1
Amblycirrhitus bimacula,8.5,Cirrhitidae,Micro-invertivore,Reef,1
Amblycirrhitus pinos,9.5,Cirrhitidae,Micro-invertivore,Reef,1
Amblyeleotris fasciata,8,Gobiidae,Detritivore,Reef,1
Amblyeleotris guttata,11,Gobiidae,Detritivore,Reef,1
Amblyeleotris sp,9,Gobiidae,Detritivore,Reef,1
Amblyglyphidodon aureus,13,Pomacentridae,Planktivore,Reef,1
Amblyglyphidodon curacao,11,Pomacentridae,Planktivore,Reef,1
Amblyglyphidodon leucogaster,13,Pomacentridae,Planktivore,Reef,1
Amblyglyphidodon leucogaster,13,Pomacentridae,Planktivore,Reef,1
Amblygobius esakiae,8.5,Gobiidae,Detritivore,Reef,1
Amblygobius phalaena,15,Gobiidae,Detritivore,Reef,1
Amblygobius sp,10,Gobiidae,Detritivore,Reef,1
Amblygobius sp,10,Gobiidae,Detritivore,Reef,1
Amblygobius sphynx,18,Gobiidae,Detritivore,Reef,1
Amphiprion akindynos,9,Pomacentridae,Planktivore,Reef,1
Amphiprion chrysopterus,17,Pomacentridae,Planktivore,Reef,1
Amphiprion clarkii,15,Pomacentridae,Planktivore,Reef,1
Amphiprion fuscocaudatus,14,Pomacentridae,Planktivore,Reef,1
Amphiprion melanopus,12,Pomacentridae,Planktivore,Reef,1
Amphiprion nigripes,11,Pomacentridae,Planktivore,Reef,1
Amphiprion perideraion,10,Pomacentridae,Planktivore,Reef,1
Anampses caeruleopunctatus,42,Labridae,Micro-invertivore,Reef,1
Anampses caeruleopunctatus,42,Labridae,Micro-invertivore,Reef,1
Anampses chrysocephalus,17,Labridae,Micro-invertivore,Reef,1
Anampses cuvier,31,Labridae,Micro-invertivore,Reef,1
Anampses femininus,24,Labridae,Micro-invertivore,Reef,1
Anampses melanurus,12,Labridae,Micro-invertivore,Reef,1
Anampses meleagrides,22,Labridae,Micro-invertivore,Reef,1
Anampses neoguinaicus,20,Labridae,Micro-invertivore,Reef,1
Anampses neoguinaicus,20,Labridae,Micro-invertivore,Reef,1
Anampses sp,30,Labridae,Micro-invertivore,Reef,1
Anampses twistii,18,Labridae,Micro-invertivore,Reef,1
Anisotremus surinamensis,76,Haemulidae,Micro-invertivore,Reef,1
Anisotremus virginicus,40.6,Haemulidae,Micro-invertivore,Reef,1
Antennarius commerson,45,Antennariidae,Pisci-invertivore,Reef,1
Anthias sp,29,Serranidae,Planktivore,Reef,1
Anthias sp,29,Serranidae,Planktivore,Reef,1
Anthias sp,29,Serranidae,Planktivore,Reef,1
Anyperodon leucogrammicus,65,Serranidae,Piscivore,Reef,1
Pterocaesio  trilineata,20,Caesionidae,Planktivore,Pelagic,0
Apogon angustatus,11,Apogonidae,Planktivore,Reef,1
Apogon apogonoides,10,Apogonidae,Planktivore,Reef,1
Apogon binotatus,13,Apogonidae,Planktivore,Reef,1
Apogon cyanosoma,8,Apogonidae,Planktivore,Reef,1
Apogon erythrinus,4,Apogonidae,Planktivore,Reef,1
Apogon fraenatus,10,Apogonidae,Planktivore,Reef,1
Apogon fuscus,7,Apogonidae,Planktivore,Reef,1
Apogon kallopterus,15.5,Apogonidae,Planktivore,Reef,1
Apogon lachneri,6.5,Apogonidae,Planktivore,Reef,1
Apogon lateralis,11,Apogonidae,Planktivore,Reef,1
Apogon maculatus,11.1,Apogonidae,Planktivore,Reef,1
Apogon maculiferus,14,Apogonidae,Planktivore,Reef,1
Apogon novemfasciatus,10,Apogonidae,Planktivore,Reef,1
Apogon sp,10,Apogonidae,Planktivore,Reef,1
Apogon sp,10,Apogonidae,Planktivore,Reef,1
Apogon townsendi,6.5,Apogonidae,Planktivore,Reef,1
Apolemichthys arcuatus,18,Pomacanthidae,Micro-invertivore,Reef,1
Apolemichthys griffisi,30,Pomacanthidae,Micro-invertivore,Reef,1
Apolemichthys trimaculatus,26,Pomacanthidae,Micro-invertivore,Reef,1
Apolemichthys xanthopunctatus,25,Pomacanthidae,Micro-invertivore,Reef,1
Aprion virescens,112,Lutjanidae,Piscivore,Reef,1
Aprion virescens,112,Lutjanidae,Piscivore,Reef,1
Archamia mozambiquensis,8.9,Apogonidae,Planktivore,Reef,1
Arothron hispidus,50,Tetraodontidae,Macro-invertivore,Reef,1
Arothron mappa,65,Tetraodontidae,Macro-invertivore,Reef,1
Arothron meleagris,50,Tetraodontidae,Corallivore,Reef,1
Arothron nigropunctatus,33,Tetraodontidae,Corallivore,Reef,1
Arothron stellatus,120,Tetraodontidae,Macro-invertivore,Reef,1
Aspidontus taeniatus,11.5,Blenniidae,Micro-invertivore,Reef,1
Asterropteryx ensifera,3,Gobiidae,Detritivore,Reef,1
Asterropteryx semipunctata,4,Gobiidae,Detritivore,Reef,1
Asterropteryx semipunctata,4,Gobiidae,Detritivore,Reef,1
Pterocaesio lativittata,23,Caesionidae,Planktivore,Pelagic,0
Atrosalarias fuscus,14.5,Blenniidae,Detritivore,Reef,1
Aulostomus chinensis,80,Aulostomidae,Piscivore,Reef,1
Aulostomus maculataus,80,Aulostomidae,Piscivore,Reef,1
Balistapus undulatus,30,Balistidae,Macro-invertivore,Reef,1
Balistapus undulatus,30,Balistidae,Macro-invertivore,Reef,1
Balistes polylepis,76,Balistidae,Macro-invertivore,Reef,1
Balistes vetula,60,Balistidae,Macro-invertivore,Reef,1
Balistoides conspicillum,50,Balistidae,Macro-invertivore,Reef,1
Balistoides conspicillum,50,Balistidae,Macro-invertivore,Reef,1
Balistoides sp,50,Balistidae,Macro-invertivore,Reef,1
Balistoides sp,50,Balistidae,Macro-invertivore,Reef,1
Balistoides viridescens,75,Balistidae,Macro-invertivore,Reef,1
Bathygobius soporator,15,Gobiidae,Detritivore,Reef,1
Belonoperca chabanaudi,15,Serranidae,Piscivore,Reef,1
Blenniella chrysospilos,13,Blenniidae,Detritivore,Reef,1
Blenniella gibbifrons,12,Blenniidae,Detritivore,Reef,1
Bodianus anthioides,24,Labridae,Micro-invertivore,Reef,1
Bodianus axillaris,20,Labridae,Micro-invertivore,Reef,1
Bodianus bilunulatus,55,Labridae,Micro-invertivore,Reef,1
Bodianus diana,16.9,Labridae,Micro-invertivore,Reef,1
Bodianus loxozonus,47,Labridae,Micro-invertivore,Reef,1
Bodianus mesothorax,25,Labridae,Micro-invertivore,Reef,1
Bodianus prognathus,17.9,Labridae,Micro-invertivore,Reef,1
Bodianus rufus,40,Labridae,Micro-invertivore,Reef,1
Bolbometopon muricatum,130,Scaridae,Excavator/scraper,Reef,1
Bothus lunatus,46,Bothidae,Micro-invertivore,Reef,1
Bothus mancus,51,Bothidae,Micro-invertivore,Reef,1
Bothus ocellatus,18,Bothidae,Micro-invertivore,Reef,1
Bothus pantherinus,39,Bothidae,Micro-invertivore,Reef,1
Brotula multibarbata,100,Ophidiidae,Macro-invertivore,Reef,1
Bryaninops sp,5,Gobiidae,Detritivore,Reef,1
Caesio caerulaurea,35,Caesionidae,Planktivore,Reef,1
Caesio cuning,60,Caesionidae,Planktivore,Reef,1
Caesio lunaris,40,Caesionidae,Planktivore,Reef,1
Caesio sp,50,Caesionidae,Planktivore,Reef,1
Caesio sp,50,Caesionidae,Planktivore,Reef,1
Caesio teres,40,Caesionidae,Planktivore,Reef,1
Caesio varilineata,40,Caesionidae,Planktivore,Reef,1
Caesio xanthonota,40,Caesionidae,Planktivore,Reef,1
Calamus calamus,56,Sparidae,Macro-invertivore,Reef,1
Calamus pennatula,37,Sparidae,Macro-invertivore,Reef,1
Calotomus carolinus,54,Scaridae,Browser,Reef,1
Calotomus zonarchus,33,Scaridae,Browser,Reef,1
Cantherhines dumerilii,38,Monacanthidae,Micro-invertivore,Reef,1
Cantherhines longicaudus,13.2,Monacanthidae,Micro-invertivore,Reef,1
Cantherhines macrocerus,46,Monacanthidae,Micro-invertivore,Reef,1
Cantherhines pardalis,25,Monacanthidae,Micro-invertivore,Reef,1
Cantherhines pulles,38,Monacanthidae,Micro-invertivore,Reef,1
Cantherhines rapanui,20,Monacanthidae,Micro-invertivore,Reef,1
Cantherhines sandwichiensis,19.3,Monacanthidae,Spongivore,Reef,1
Cantherhines verecundus,12.5,Monacanthidae,Micro-invertivore,Reef,1
Canthidermis sufflamen,65,Balistidae,Macro-invertivore,Reef,1
Canthigaster amboinensis,15,Tetraodontidae,Micro-invertivore,Reef,1
Canthigaster bennetti,10,Tetraodontidae,Micro-invertivore,Reef,1
Canthigaster coronata,11,Tetraodontidae,Micro-invertivore,Reef,1
Canthigaster epilampra,12,Tetraodontidae,Micro-invertivore,Reef,1
Canthigaster jactator,9,Tetraodontidae,Micro-invertivore,Reef,1
Canthigaster janthinoptera,9,Tetraodontidae,Micro-invertivore,Reef,1
Canthigaster rostrata,12,Tetraodontidae,Micro-invertivore,Reef,1
Canthigaster smithae,13,Tetraodontidae,Micro-invertivore,Reef,1
Canthigaster solandri,11.5,Tetraodontidae,Micro-invertivore,Reef,1
Canthigaster valentini,11,Tetraodontidae,Micro-invertivore,Reef,1
Caracanthus maculatus,5,Caracanthidae,Piscivore,Reef,1
Caracanthus typicus,2.9,Caracanthidae,Piscivore,Reef,1
Pterocaesio marri,35,Caesionidae,Planktivore,Pelagic,0
Pterocaesio pisang,21,Caesionidae,Planktivore,Pelagic,0
Pterocaesio tile,30,Caesionidae,Planktivore,Pelagic,0
Pterocaesio trilineata,20,Caesionidae,Planktivore,Pelagic,0
Alectis ciliaris,150,Carangidae,Piscivore,Pelagic,0
Carangoides ferdau,70,Carangidae,Piscivore,Pelagic,0
Carangoides fulvoguttatus,120,Carangidae,Piscivore,Pelagic,0
Carangoides oblongus,46,Carangidae,Piscivore,Pelagic,0
Carangoides orthogrammus,75,Carangidae,Piscivore,Pelagic,0
Carangoides plagiotaenia,50,Carangidae,Piscivore,Pelagic,0
Caranx bartholomaei,100,Carangidae,Piscivore,Pelagic,0
Caranx crysos,70,Carangidae,Piscivore,Pelagic,0
Caranx ignobilis,170,Carangidae,Piscivore,Pelagic,0
Caranx latus,101,Carangidae,Piscivore,Pelagic,0
Caranx lugubris,100,Carangidae,Piscivore,Pelagic,0
Caranx melampygus,117,Carangidae,Piscivore,Pelagic,0
Caranx papuensis,88,Carangidae,Piscivore,Pelagic,0
Caranx ruber,65,Carangidae,Piscivore,Pelagic,0
Caranx sexfasciatus,120,Carangidae,Piscivore,Pelagic,0
Caranx sp,80,Carangidae,Piscivore,Pelagic,0
Centropyge acanthops,8,Pomacanthidae,Micro-invertivore,Reef,1
Centropyge argi,8,Pomacanthidae,Micro-invertivore,Reef,1
Centropyge bicolor,15,Pomacanthidae,Micro-invertivore,Reef,1
Centropyge bispinosa,10,Pomacanthidae,Micro-invertivore,Reef,1
Centropyge bispinosus,10,Pomacanthidae,Micro-invertivore,Reef,1
Centropyge fisheri,7.5,Pomacanthidae,Micro-invertivore,Reef,1
Centropyge flavicauda,8,Pomacanthidae,Micro-invertivore,Reef,1
Centropyge flavissima,14,Pomacanthidae,Micro-invertivore,Reef,1
Centropyge heraldi,10,Pomacanthidae,Micro-invertivore,Reef,1
Centropyge hotumatua,8,Pomacanthidae,Micro-invertivore,Reef,1
Centropyge interruptus,15,Pomacanthidae,Micro-invertivore,Reef,1
Centropyge loricula,15,Pomacanthidae,Micro-invertivore,Reef,1
Centropyge loriculus,8,Pomacanthidae,Micro-invertivore,Reef,1
Centropyge multifasciata,12,Pomacanthidae,Micro-invertivore,Reef,1
Centropyge multispinis,14,Pomacanthidae,Micro-invertivore,Reef,1
Centropyge potteri,10,Pomacanthidae,Micro-invertivore,Reef,1
Centropyge shepardi,9,Pomacanthidae,Micro-invertivore,Reef,1
Centropyge sp,12,Pomacanthidae,Micro-invertivore,Reef,1
Centropyge sp,12,Pomacanthidae,Micro-invertivore,Reef,1
Centropyge vrolikii,12,Pomacanthidae,Micro-invertivore,Reef,1
Cephalopholis argus,60,Serranidae,Pisci-invertivore,Reef,1
Cephalopholis argus,60,Serranidae,Pisci-invertivore,Reef,1
Cephalopholis cruentatus,42,Serranidae,Pisci-invertivore,Reef,1
Cephalopholis cyanostigma,40,Serranidae,Pisci-invertivore,Reef,1
Cephalopholis formosa,34,Serranidae,Pisci-invertivore,Reef,1
Cephalopholis fulvus,41,Serranidae,Pisci-invertivore,Reef,1
Cephalopholis leopardus,24,Serranidae,Pisci-invertivore,Reef,1
Cephalopholis microprion,25,Serranidae,Pisci-invertivore,Reef,1
Cephalopholis miniata,50,Serranidae,Pisci-invertivore,Reef,1
Cephalopholis nigripinnis,28,Serranidae,Pisci-invertivore,Reef,1
Cephalopholis sexmaculata,50,Serranidae,Pisci-invertivore,Reef,1
Cephalopholis sonnerati,57,Serranidae,Pisci-invertivore,Reef,1
Cephalopholis sp,50,Epinephilidae,Pisci-invertivore,Reef,1
Cephalopholis spiloparaea,30,Serranidae,Pisci-invertivore,Reef,1
Cephalopholis urodeta,28,Serranidae,Pisci-invertivore,Reef,1
Cephalopholis urodeta,28,Serranidae,Pisci-invertivore,Reef,1
Cetoscarus bicolor,90,Scaridae,Excavator/scraper,Reef,1
Cetoscarus ocellatus,80,Scaridae,Excavator/scraper,Reef,1
Decapterus macarellus,46,Carangidae,Planktivore,Pelagic,0
Chaetodon aureofasciatus,12.5,Chaetodontidae,Corallivore,Reef,1
Chaetodon auriga,23,Chaetodontidae,Micro-invertivore,Reef,1
Chaetodon baronessa,16,Chaetodontidae,Corallivore,Reef,1
Chaetodon bennetti,20,Chaetodontidae,Corallivore,Reef,1
Chaetodon capistratus,7.5,Chaetodontidae,Micro-invertivore,Reef,1
Chaetodon citrinellus,13,Chaetodontidae,Micro-invertivore,Reef,1
Chaetodon ephippium,30,Chaetodontidae,Micro-invertivore,Reef,1
Chaetodon falcula,20,Chaetodontidae,Micro-invertivore,Reef,1
Chaetodon falcula,20,Chaetodontidae,Micro-invertivore,Reef,1
Chaetodon flavirostris,20,Chaetodontidae,Micro-invertivore,Reef,1
Chaetodon flavirostris,20,Chaetodontidae,Micro-invertivore,Reef,1
Chaetodon flavocoronatus,12,Chaetodontidae,Micro-invertivore,Reef,1
Chaetodon fremblii,13,Chaetodontidae,Micro-invertivore,Reef,1
Chaetodon guttatissimus,12,Chaetodontidae,Micro-invertivore,Reef,1
Chaetodon kleinii,15,Chaetodontidae,Micro-invertivore,Reef,1
Chaetodon lineolatus,30,Chaetodontidae,Micro-invertivore,Reef,1
Chaetodon litus,15.5,Chaetodontidae,Micro-invertivore,Reef,1
Chaetodon lunula,20,Chaetodontidae,Micro-invertivore,Reef,1
Chaetodon lunulatus,14,Chaetodontidae,Corallivore,Reef,1
Chaetodon madagaskariensis,13,Chaetodontidae,Micro-invertivore,Reef,1
Chaetodon melannotus,18,Chaetodontidae,Corallivore,Reef,1
Chaetodon mertensii,12.5,Chaetodontidae,Micro-invertivore,Reef,1
Chaetodon meyeri,20,Chaetodontidae,Corallivore,Reef,1
Chaetodon miliaris,13,Chaetodontidae,Planktivore,Reef,1
Chaetodon multicinctus,12,Chaetodontidae,Corallivore,Reef,1
Chaetodon ocellatus,20,Chaetodontidae,Micro-invertivore,Reef,1
Chaetodon ocellicaudus,15,Chaetodontidae,Corallivore,Reef,1
Chaetodon ornatissimus,20,Chaetodontidae,Corallivore,Reef,1
Chaetodon oxycephalus,25,Chaetodontidae,Micro-invertivore,Reef,1
Chaetodon pelewensis,12.5,Chaetodontidae,Micro-invertivore,Reef,1
Chaetodon plebeius,15,Chaetodontidae,Corallivore,Reef,1
Chaetodon plebeius,15,Chaetodontidae,Corallivore,Reef,1
Chaetodon punctatofasciatus,12,Chaetodontidae,Micro-invertivore,Reef,1
Chaetodon quadrimaculatus,16,Chaetodontidae,Micro-invertivore,Reef,1
Chaetodon rafflesii,18,Chaetodontidae,Micro-invertivore,Reef,1
Chaetodon rafflesii,18,Chaetodontidae,Micro-invertivore,Reef,1
Chaetodon rainfordi,15,Chaetodontidae,Corallivore,Reef,1
Chaetodon reticulatus,18,Chaetodontidae,Corallivore,Reef,1
Chaetodon sedentarius,15,Chaetodontidae,Micro-invertivore,Reef,1
Chaetodon semeion,26,Chaetodontidae,Micro-invertivore,Reef,1
Chaetodon smithi,19,Chaetodontidae,Planktivore,Reef,1
Chaetodon speculum,18,Chaetodontidae,Micro-invertivore,Reef,1
Chaetodon striatus,16,Chaetodontidae,Micro-invertivore,Reef,1
Chaetodon tinkeri,15,Chaetodontidae,Micro-invertivore,Reef,1
Chaetodon triangulum,16,Chaetodontidae,Micro-invertivore,Reef,1
Chaetodon trifascialis,18,Chaetodontidae,Corallivore,Reef,1
Chaetodon trifasciatus,15,Chaetodontidae,Corallivore,Reef,1
Chaetodon trifasciatus,15,Chaetodontidae,Corallivore,Reef,1
Chaetodon ulietensis,15,Chaetodontidae,Micro-invertivore,Reef,1
Chaetodon unimaculatus,20,Chaetodontidae,Corallivore,Reef,1
Chaetodon unimaculatus,20,Chaetodontidae,Corallivore,Reef,1
Chaetodon vagabundus,23,Chaetodontidae,Micro-invertivore,Reef,1
Chaetodon xanthocephalus,20,Chaetodontidae,Micro-invertivore,Reef,1
Chaetodon zanzibarensis,12,Chaetodontidae,Corallivore,Reef,1
Channomuraena vittata,150,Muraenidae,Piscivore,Reef,1
Gnathanodon speciosus,120,Carangidae,Piscivore,Pelagic,0
Cheilinus bimaculatus,15,Labridae,Macro-invertivore,Reef,1
Cheilinus chlorourus,45,Labridae,Macro-invertivore,Reef,1
Cheilinus fasciatus,40,Labridae,Macro-invertivore,Reef,1
Cheilinus oxycephalus,17,Labridae,Macro-invertivore,Reef,1
Cheilinus sp,30,Labridae,Macro-invertivore,Reef,1
Cheilinus trilobatus,45,Labridae,Macro-invertivore,Reef,1
Cheilinus undulatus,229,Labridae,Macro-invertivore,Reef,1
Cheilio inermis,50,Labridae,Piscivore,Reef,1
Cheilodactylus plessisi,60,Latridae,Macro-invertivore,Reef,1
Cheilodactylus vittatus,60,Cheilodactylidae,Macro-invertivore,Reef,1
Cheilodipterus artus,18.7,Apogonidae,Planktivore,Reef,1
Cheilodipterus macrodon,25,Apogonidae,Planktivore,Reef,1
Cheilodipterus quinquelineatus,13,Apogonidae,Planktivore,Reef,1
Cheilodipterus sp,20,Apogonidae,Planktivore,Reef,1
Chelmon rostratus,20,Chaetodontidae,Micro-invertivore,Reef,1
Chelonodon patoca,38,Tetraodontidae,Micro-invertivore,Reef,1
Chilomycterus antennatus,38,Diodontidae,Micro-invertivore,Reef,1
Chilomycterus schoepfi,25,Diodontidae,Micro-invertivore,Reef,1
Chlorurus atrilunula,30,Scaridae,Excavator/scraper,Reef,1
Chlorurus bleekeri,49,Scaridae,Excavator/scraper,Reef,1
Chlorurus capistratoides,40,Scaridae,Excavator/scraper,Reef,1
Chlorurus enneacanthus,50,Scaridae,Excavator/scraper,Reef,1
Chlorurus frontalis,50,Scaridae,Excavator/scraper,Reef,1
Chlorurus gibbus,70,Scaridae,Excavator/scraper,Reef,1
Chlorurus japanensis,31,Scaridae,Excavator/scraper,Reef,1
Chlorurus microrhinos,70,Scaridae,Excavator/scraper,Reef,1
Chlorurus microrhinos,70,Scaridae,Excavator/scraper,Reef,1
Chlorurus perspicillatus,60.9,Scaridae,Excavator/scraper,Reef,1
Chlorurus sordidus,40,Scaridae,Excavator/scraper,Reef,1
Chlorurus sp,45,Scaridae,Excavator/scraper,Reef,1
Chlorurus strongylocephalus,70,Scaridae,Excavator/scraper,Reef,1
Chlorurus strongylocephalus,70,Scaridae,Excavator/scraper,Reef,1
Choerodon anchorago,50,Labridae,Micro-invertivore,Reef,1
Choerodon fasciatus,30,Labridae,Micro-invertivore,Reef,1
Choerodon graphicus,51.5,Labridae,Micro-invertivore,Reef,1
Choerodon jordani,17,Labridae,Micro-invertivore,Reef,1
Chromis acares,4,Pomacentridae,Planktivore,Reef,1
Chromis agilis,7.5,Pomacentridae,Planktivore,Reef,1
Chromis alpha,8.5,Pomacentridae,Planktivore,Reef,1
Chromis amboinensis,10,Pomacentridae,Planktivore,Reef,1
Chromis atripectoralis,12,Pomacentridae,Planktivore,Reef,1
Chromis bami,5.8,Pomacentridae,Planktivore,Reef,1
Chromis caudalis,7.5,Pomacentridae,Planktivore,Reef,1
Chromis cyanea,15,Pomacentridae,Planktivore,Reef,1
Chromis dimidiata,9,Pomacentridae,Planktivore,Reef,1
Chromis fumea,10,Pomacentridae,Planktivore,Reef,1
Chromis hanui,6,Pomacentridae,Planktivore,Reef,1
Chromis insolata,16,Pomacentridae,Planktivore,Reef,1
Chromis iomelas,8,Pomacentridae,Planktivore,Reef,1
Chromis lepidolepis,9,Pomacentridae,Planktivore,Reef,1
Chromis leucura,8.5,Pomacentridae,Planktivore,Reef,1
Chromis margaritifer,9,Pomacentridae,Planktivore,Reef,1
Chromis multilineata,20,Pomacentridae,Planktivore,Reef,1
Chromis nigrura,6,Pomacentridae,Planktivore,Reef,1
Chromis opercularis,17,Pomacentridae,Planktivore,Reef,1
Chromis ovalis,15,Pomacentridae,Planktivore,Reef,1
Chromis pamae,10.4,Pomacentridae,Planktivore,Reef,1
Chromis randalli,15,Pomacentridae,Planktivore,Reef,1
Chromis ternatensis,10.5,Pomacentridae,Planktivore,Reef,1
Chromis vanderbilti,4.5,Pomacentridae,Planktivore,Reef,1
Chromis verater,16,Pomacentridae,Planktivore,Reef,1
Chromis viridis,10,Pomacentridae,Planktivore,Reef,1
Chromis weberi,13.5,Pomacentridae,Planktivore,Reef,1
Chromis xanthura,17,Pomacentridae,Planktivore,Reef,1
Chromis xutha,7,Pomacentridae,Planktivore,Reef,1
Chrysiptera biocellata,12.5,Pomacentridae,Grazer,Reef,1
Chrysiptera biocellata,12.5,Pomacentridae,Grazer,Reef,1
Chrysiptera brownriggii,8,Pomacentridae,Micro-invertivore,Reef,1
Chrysiptera brownriggii,8,Pomacentridae,Micro-invertivore,Reef,1
Chrysiptera cyanea,8.5,Pomacentridae,Grazer,Reef,1
Chrysiptera galba,7,Pomacentridae,Grazer,Reef,1
Chrysiptera glauca,11.5,Pomacentridae,Grazer,Reef,1
Chrysiptera rapanui,5.5,Pomacentridae,Micro-invertivore,Reef,1
Chrysiptera rex,7,Pomacentridae,Grazer,Reef,1
Chrysiptera rollandi,7.5,Pomacentridae,Micro-invertivore,Reef,1
Chrysiptera talboti,6,Pomacentridae,Planktivore,Reef,1
Chrysiptera taupou,8,Pomacentridae,Planktivore,Reef,1
Chrysiptera traceyi,4.5,Pomacentridae,Planktivore,Reef,1
Cirrhilabrus exquisitus,12,Labridae,Micro-invertivore,Reef,1
Cirrhilabrus jordani,10,Labridae,Micro-invertivore,Reef,1
Cirrhilabrus katherinae,7.1,Labridae,Micro-invertivore,Reef,1
Cirrhilabrus marjorie,5.8,Labridae,Micro-invertivore,Reef,1
Cirrhilabrus punctatus,13,Labridae,Micro-invertivore,Reef,1
Cirrhilabrus scottorum,13,Labridae,Micro-invertivore,Reef,1
Cirrhilabrus sp,10,Labridae,Micro-invertivore,Reef,1
Cirrhilabrus sp,10,Labridae,Micro-invertivore,Reef,1
Cirrhitichthys falco,7,Cirrhitidae,Micro-invertivore,Reef,1
Cirrhitichthys oxycephalus,10,Cirrhitidae,Micro-invertivore,Reef,1
Cirrhitops fasciatus,12.7,Cirrhitidae,Micro-invertivore,Reef,1
Cirrhitops hubbardi,25,Cirrhitidae,Micro-invertivore,Reef,1
Cirrhitus pinnulatus,30,Cirrhitidae,Micro-invertivore,Reef,1
Cirripectes alboapicalis,15.5,Blenniidae,Detritivore,Reef,1
Cirripectes castaneus,9.2,Blenniidae,Detritivore,Reef,1
Cirripectes filamentosus,7.5,Blenniidae,Detritivore,Reef,1
Cirripectes obscurus,13.4,Blenniidae,Detritivore,Reef,1
Cirripectes polyzona,13,Blenniidae,Detritivore,Reef,1
Cirripectes sp,11,Blenniidae,Detritivore,Reef,1
Cirripectes sp,11,Blenniidae,Detritivore,Reef,1
Cirripectes springeri,10,Blenniidae,Detritivore,Reef,1
Cirripectes stigmaticus,10,Blenniidae,Detritivore,Reef,1
Cirripectes vanderbilti,10,Blenniidae,Detritivore,Reef,1
Cirripectes variolosus,8.9,Blenniidae,Detritivore,Reef,1
Clepticus parrae,30,Labridae,Planktivore,Reef,1
Conger cinereus,140,Congridae,Pisci-invertivore,Reef,1
Coradion chrysozonus,15,Chaetodontidae,Micro-invertivore,Reef,1
Coris aygula,120,Labridae,Macro-invertivore,Reef,1
Coris ballieui,30,Labridae,Micro-invertivore,Reef,1
Coris batuensis,17,Labridae,Micro-invertivore,Reef,1
Coris caudimacula,20,Labridae,Micro-invertivore,Reef,1
Coris centralis,9.2,Labridae,Micro-invertivore,Reef,1
Coris debueni,27,Labridae,Micro-invertivore,Reef,1
Coris dorsomacula,38,Labridae,Micro-invertivore,Reef,1
Coris flavovittata,50.8,Labridae,Macro-invertivore,Reef,1
Coris formosa,60,Labridae,Macro-invertivore,Reef,1
Coris gaimard,40,Labridae,Macro-invertivore,Reef,1
Coris roseoviridis,19.8,Labridae,Micro-invertivore,Reef,1
Coris venusta,19.3,Labridae,Micro-invertivore,Reef,1
Coryphopterus dicrus,5,Gobiidae,Detritivore,Reef,1
Coryphopterus eidolon,6,Gobiidae,Detritivore,Reef,1
Coryphopterus glaucofraenum,8,Gobiidae,Detritivore,Reef,1
Coryphopterus hyalinus,2.5,Gobiidae,Detritivore,Reef,1
Coryphopterus lipernes,3,Gobiidae,Detritivore,Reef,1
Coryphopterus sp,7,Gobiidae,Detritivore,Reef,1
Coryphopterus sp,7,Gobiidae,Detritivore,Reef,1
Corythoichthys flavofasciatus,12,Syngnathidae,Micro-invertivore,Reef,1
Cromileptes altivelis,70,Serranidae,Piscivore,Reef,1
Cryptocentrus cryptocentrus,13,Gobiidae,Detritivore,Reef,1
Ctenochaetus binotatus,22,Acanthuridae,Detritivore,Reef,1
Ctenochaetus cyanocheilus,16,Acanthuridae,Detritivore,Reef,1
Ctenochaetus flavicauda,11.8,Acanthuridae,Detritivore,Reef,1
Ctenochaetus hawaiiensis,25,Acanthuridae,Detritivore,Reef,1
Ctenochaetus marginatus,27,Acanthuridae,Detritivore,Reef,1
Ctenochaetus sp,21,Acanthuridae,Detritivore,Reef,1
Ctenochaetus striatus,26,Acanthuridae,Detritivore,Reef,1
Ctenochaetus strigosus,14.6,Acanthuridae,Detritivore,Reef,1
Ctenochaetus strigosus,14.6,Acanthuridae,Detritivore,Reef,1
Ctenochaetus tominiensis,16,Acanthuridae,Detritivore,Reef,1
Ctenochaetus truncatus,16,Acanthuridae,Detritivore,Reef,1
Ctenogobiops sp,17,Acanthuridae,Detritivore,Reef,1
Ctenogobiops tangaroai,6,Gobiidae,Detritivore,Reef,1
Ctenogobius saepepallens,5,Gobiidae,Detritivore,Reef,1
Cymolutes lecluse,17.8,Labridae,Macro-invertivore,Reef,1
Dactyloptena orientalis,40,Dactylopteridae,Pisci-invertivore,Reef,1
Dascyllus albisella,13,Pomacentridae,Planktivore,Reef,1
Dascyllus aruanus,10,Pomacentridae,Planktivore,Reef,1
Dascyllus auripinnis,11.5,Pomacentridae,Planktivore,Reef,1
Dascyllus carneus,7,Pomacentridae,Planktivore,Reef,1
Dascyllus flavicaudus,12,Pomacentridae,Planktivore,Reef,1
Dascyllus reticulatus,9,Pomacentridae,Planktivore,Reef,1
Dascyllus trimaculatus,11,Pomacentridae,Planktivore,Reef,1
Dasyatis americanus,67,Dasyatidae,Macro-invertivore,Reef,1
Pseudocaranx dentex,122,Carangidae,Piscivore,Pelagic,0
Dendrochirus barberi,16.5,Scorpaenidae,Pisci-invertivore,Reef,1
Dermatolepis striolata,85,Serranidae,Piscivore,Reef,1
Diagramma picta,100,Haemulidae,Micro-invertivore,Reef,1
Diagramma pictum,100,Haemulidae,Micro-invertivore,Reef,1
Diodon holocanthus,50,Diodontidae,Spongivore,Reef,1
Diodon hystrix,91,Diodontidae,Spongivore,Reef,1
Dischistodus melanotus,16,Pomacentridae,Detritivore,Reef,1
Dischistodus perspicillatus,18,Pomacentridae,Detritivore,Reef,1
Dischistodus prosopotaenia,18.5,Pomacentridae,Detritivore,Reef,1
Dischistodus pseudochrysopoecilus,18,Pomacentridae,Detritivore,Reef,1
Scomberoides lysan,110,Carangidae,Piscivore,Pelagic,0
Selar crumenophthalmus,70,Carangidae,NA,Pelagic,0
Echidna catenata,165,Muraenidae,Piscivore,Reef,1
Echidna nebulosa,100,Muraenidae,Piscivore,Reef,1
Ecsenius bicolor,11,Blenniidae,Detritivore,Reef,1
Ecsenius lineatus,9,Blenniidae,Detritivore,Reef,1
Ecsenius midas,13,Blenniidae,Detritivore,Reef,1
Ecsenius nalolo,6.5,Blenniidae,Detritivore,Reef,1
Ecsenius opsifrontalis,5,Blenniidae,Detritivore,Reef,1
Elacatinus chancei,5,Gobiidae,Detritivore,Reef,1
Elacatinus chancei,5,Gobiidae,Detritivore,Reef,1
Elacatinus chancei,5,Gobiidae,Detritivore,Reef,1
Elacatinus dilepis,2.5,Gobiidae,Detritivore,Reef,1
Elacatinus dilepis,2.5,Gobiidae,Detritivore,Reef,1
Elacatinus dilepis,2.5,Gobiidae,Detritivore,Reef,1
Elacatinus evelynae,4,Gobiidae,Detritivore,Reef,1
Elacatinus evelynae,4,Gobiidae,Detritivore,Reef,1
Elacatinus evelynae,4,Gobiidae,Detritivore,Reef,1
Elacatinus horsti,5,Gobiidae,Detritivore,Reef,1
Elacatinus horsti,5,Gobiidae,Detritivore,Reef,1
Elacatinus horsti,5,Gobiidae,Detritivore,Reef,1
Elacatinus lousiae,3,Gobiidae,Detritivore,Reef,1
Elacatinus lousiae,3,Gobiidae,Detritivore,Reef,1
Elacatinus lousiae,3,Gobiidae,Detritivore,Reef,1
Elacatinus oceanops,5,Gobiidae,Detritivore,Reef,1
Elacatinus oceanops,5,Gobiidae,Detritivore,Reef,1
Elacatinus oceanops,5,Gobiidae,Detritivore,Reef,1
Elacatinus prochilos,4,Gobiidae,Detritivore,Reef,1
Elacatinus prochilos,4,Gobiidae,Detritivore,Reef,1
Elacatinus prochilos,4,Gobiidae,Detritivore,Reef,1
Elacatinus randalli,4.6,Gobiidae,Detritivore,Reef,1
Elacatinus randalli,4.6,Gobiidae,Detritivore,Reef,1
Elacatinus randalli,4.6,Gobiidae,Detritivore,Reef,1
Elacatinus sp,3,Gobiidae,Detritivore,Reef,1
Elacatinus sp.,3,Gobiidae,Detritivore,Reef,1
Elacatinus sp.,3,Gobiidae,Detritivore,Reef,1
Elacatinus xanthiprora,4,Gobiidae,Detritivore,Reef,1
Elacatinus xanthiprora,4,Gobiidae,Detritivore,Reef,1
Elacatinus xanthiprora,4,Gobiidae,Detritivore,Reef,1
Elagatis bipinnulata,180,Carangidae,Piscivore,Reef,1
Elagatis bipinnulata,180,Carangidae,Piscivore,Reef,1
Emblemaria pandionis,5,Chaenopsidae,Detritivore,Reef,1
Emblemariopsis signifer,3,Chaenopsidae,Detritivore,Reef,1
Emblemariopsis sp,3,Chaenopsidae,Detritivore,Reef,1
Emblemariopsis sp,3,Chaenopsidae,Detritivore,Reef,1
Enchelycore carychroa,34,Muraenidae,Piscivore,Reef,1
Enchelycore nigricans,100,Muraenidae,Piscivore,Reef,1
Enchelycore pardalis,92,Muraenidae,Piscivore,Reef,1
Enchelycore ramosus,180,Muraenidae,Piscivore,Reef,1
Enchelynassa canina,250,Muraenidae,Piscivore,Reef,1
Seriola dumerili,190,Carangidae,Piscivore,Pelagic,0
Enneanectes boehlkei,4,Tripterygiidae,Micro-invertivore,Reef,1
Enneanectes pectoralis,4,Tripterygiidae,Micro-invertivore,Reef,1
Enneapterygius atriceps,2.6,Tripterygiidae,Micro-invertivore,Reef,1
Enneapterygius tutuilae,4,Tripterygiidae,Micro-invertivore,Reef,1
Entomacrodus chapmani,3.9,Blenniidae,Detritivore,Reef,1
Entomacrodus marmoratus,4,Blenniidae,Detritivore,Reef,1
Epibulus insidiator,54,Labridae,Pisci-invertivore,Reef,1
Epinephelus areolatus,47,Epinephilidae,Piscivore,Reef,1
Epinephelus caeruleopunctatus,76,Epinephilidae,Piscivore,Reef,1
Epinephelus coeruleopunctatus,76,Serranidae,Piscivore,Reef,1
Epinephelus cyanopodus,122,Epinephilidae,Piscivore,Reef,1
Epinephelus fasciatus,40,Serranidae,Piscivore,Reef,1
Epinephelus fuscoguttatus,120,Serranidae,Piscivore,Reef,1
Epinephelus guttatus,76,Serranidae,Piscivore,Reef,1
Epinephelus hexagonatus,27.5,Serranidae,Piscivore,Reef,1
Epinephelus howlandi,55,Serranidae,Piscivore,Reef,1
Epinephelus lanceolatus,270,Serranidae,Piscivore,Reef,1
Epinephelus macrospilos,51,Serranidae,Piscivore,Reef,1
Epinephelus maculatus,60.5,Serranidae,Piscivore,Reef,1
Epinephelus malabaricus,234,Epinephilidae,Piscivore,Reef,1
Epinephelus melanostigma,35,Serranidae,Piscivore,Reef,1
Epinephelus merra,32,Serranidae,Piscivore,Reef,1
Epinephelus multinotatus,100,Serranidae,Piscivore,Reef,1
Epinephelus ongus,40,Epinephilidae,Piscivore,Reef,1
Epinephelus polyphekadion,90,Serranidae,Piscivore,Reef,1
Epinephelus quernus,122,Serranidae,Piscivore,Reef,1
Epinephelus retouti,50,Serranidae,Piscivore,Reef,1
Epinephelus socialis,52,Serranidae,Piscivore,Reef,1
Epinephelus sp,51,Serranidae,Piscivore,Reef,1
Epinephelus spilotoceps,35,Serranidae,Piscivore,Reef,1
Epinephelus striatus,122,Serranidae,Piscivore,Reef,1
Epinephelus tauvina,90,Serranidae,Piscivore,Reef,1
Epinephelus tukula,200,Serranidae,Piscivore,Reef,1
Equetus punctatus,27,Sciaenidae,Micro-invertivore,Reef,1
Trachinotus bailloni,60,Carangidae,Pisci-invertivore,Pelagic,0
Eviota albolineata,3,Gobiidae,Detritivore,Reef,1
Eviota guttata,2.5,Gobiidae,Detritivore,Reef,1
Eviota sp,3,Gobiidae,Detritivore,Reef,1
Exallias brevis,14.5,Blenniidae,Corallivore,Reef,1
Exallias brevis,14.5,Blenniidae,Corallivore,Reef,1
Exyrias sp,3,Gobiidae,Detritivore,Reef,1
Fistualaria tabacaria,200,Fistulariidae,Piscivore,Reef,1
Fistularia commersonii,160,Fistulariidae,Piscivore,Reef,1
Trachinotus bailloni,60,Carangidae,Pisci-invertivore,Pelagic,0
Foa brachygramma,6.4,Apogonidae,Planktivore,Reef,1
Forcipiger flavissimus,22,Chaetodontidae,Micro-invertivore,Reef,1
Forcipiger flavissimus,22,Chaetodontidae,Micro-invertivore,Reef,1
Forcipiger longirostris,22,Chaetodontidae,Micro-invertivore,Reef,1
Forcipiger longirostris,22,Chaetodontidae,Micro-invertivore,Reef,1
Fusigobius duospilus,6,Gobiidae,Detritivore,Reef,1
Fusigobius neophytus,7.5,Gobiidae,Detritivore,Reef,1
Genicanthus personatus,21,Pomacanthidae,Planktivore,Reef,1
Genicanthus watanabei,15,Pomacanthidae,Planktivore,Reef,1
Gerres cinereus,41,Gerreidae,Micro-invertivore,Reef,1
Ginglymostoma cirratum,430,Rhincodontidae,Pisci-invertivore,Reef,1
Trachinotus blochii,110,Carangidae,Pisci-invertivore,Pelagic,0
Gnathodentex aureolineatus,30,Lethrinidae,Pisci-invertivore,Reef,1
Gnathodentex aureolineatus,30,Lethrinidae,Pisci-invertivore,Reef,1
Gnathodentex sp,30,Lethrinidae,Macro-invertivore,Reef,1
Gnathodentex sp,30,Lethrinidae,Macro-invertivore,Reef,1
Gnatholepis anjerensis,8.4,Gobiidae,Detritivore,Reef,1
Gnatholepis australis,7,Gobiidae,Detritivore,Reef,1
Gnatholepis cauerensis,8,Gobiidae,Detritivore,Reef,1
Gnatholepis pascuensis,6,Gobiidae,Detritivore,Reef,1
Gnatholepis sp,6,Gobiidae,Detritivore,Reef,1
Gnatholepis thompsoni,8.2,Gobiidae,Detritivore,Reef,1
Gobiidae sp,7,Gobiidae,Detritivore,Reef,1
Gobiidae sp,6,Gobiidae,Detritivore,Reef,1
Gobiodon citrinus,6.6,Gobiidae,Detritivore,Reef,1
Gobiodon citrinus,5,Gobiidae,Detritivore,Reef,1
Gomphosus caeruleus,32,Labridae,Micro-invertivore,Reef,1
Gomphosus varius,30,Labridae,Micro-invertivore,Reef,1
Gracila albomarginata,40,Epinephilidae,Piscivore,Reef,1
Gracila albomarginata,40,Serranidae,Piscivore,Reef,1
Gramma loreto,8,Grammatidae,Planktivore,Reef,1
Gramma melacara,10,Grammatidae,Planktivore,Reef,1
Grammistes sexlineatus,30,Serranidae,Piscivore,Reef,1
Gunnellichthys curiosus,12,Microdesmidae,Planktivore,Reef,1
Gymnocranius euanus,45,Lethrinidae,Macro-invertivore,Reef,1
Gymnocranius microdon,45,Lethrinidae,Macro-invertivore,Reef,1
Gymnomuraena zebra,150,Muraenidae,Pisci-invertivore,Reef,1
Trachinotus falcatus,122,Carangidae,Pisci-invertivore,Pelagic,0
Gymnothorax breedeni,100,Muraenidae,Piscivore,Reef,1
Gymnothorax eurostus,60,Muraenidae,Piscivore,Reef,1
Gymnothorax flavimarginatus,240,Muraenidae,Piscivore,Reef,1
Gymnothorax funebris,250,Muraenidae,Piscivore,Reef,1
Gymnothorax javanicus,300,Muraenidae,Piscivore,Reef,1
Gymnothorax melatremus,30,Muraenidae,Piscivore,Reef,1
Gymnothorax meleagris,120,Muraenidae,Piscivore,Reef,1
Gymnothorax miliaris,70,Muraenidae,Piscivore,Reef,1
Gymnothorax moringa,200,Muraenidae,Piscivore,Reef,1
Gymnothorax nudivomer,180,Muraenidae,Piscivore,Reef,1
Gymnothorax porphyreus,34.6,Muraenidae,Piscivore,Reef,1
Gymnothorax sp,110,Muraenidae,Piscivore,Reef,1
Gymnothorax steindachneri,91,Muraenidae,Piscivore,Reef,1
Gymnothorax undulatus,150,Muraenidae,Piscivore,Reef,1
Gymnothorax vicinus,122,Muraenidae,Piscivore,Reef,1
Haemulon album,79,Haemulidae,Micro-invertivore,Reef,1
Haemulon aurolineatum,25,Haemulidae,Micro-invertivore,Reef,1
Haemulon carbonarium,36,Haemulidae,Micro-invertivore,Reef,1
Haemulon chrysargyreum,23,Haemulidae,Micro-invertivore,Reef,1
Haemulon flavolineatum,30,Haemulidae,Micro-invertivore,Reef,1
Haemulon macrostomum,33,Haemulidae,Detritivore,Reef,1
Haemulon macrostomum,43,Haemulidae,Micro-invertivore,Reef,1
Haemulon parra,41.2,Haemulidae,Micro-invertivore,Reef,1
Haemulon plumieri,25,Haemulidae,Micro-invertivore,Reef,1
Haemulon sciurus,46,Haemulidae,Micro-invertivore,Reef,1
Haemulon striatum,28,Haemulidae,Micro-invertivore,Reef,1
Haemulon vittatum,23,Inermiidae,Planktivore,Reef,1
Halichoeres biocellatus,12,Labridae,Micro-invertivore,Reef,1
Halichoeres bivitattus,35,Labridae,Micro-invertivore,Reef,1
Halichoeres bivitattus,35,Labridae,Micro-invertivore,Reef,1
Halichoeres cosmetus,13,Labridae,Micro-invertivore,Reef,1
Halichoeres cyanocephalus,30,Labridae,Micro-invertivore,Reef,1
Halichoeres garnoti,19.3,Labridae,Micro-invertivore,Reef,1
Halichoeres hortulanus,27,Labridae,Micro-invertivore,Reef,1
Halichoeres iridis,11.5,Labridae,Micro-invertivore,Reef,1
Halichoeres maculipinna,18,Labridae,Micro-invertivore,Reef,1
Halichoeres margaritaceus,12.5,Labridae,Micro-invertivore,Reef,1
Halichoeres margaritaceus,12.5,Labridae,Micro-invertivore,Reef,1
Halichoeres marginatus,18,Labridae,Micro-invertivore,Reef,1
Halichoeres melanurus,12,Labridae,Micro-invertivore,Reef,1
Halichoeres melasmapomus,24,Labridae,Micro-invertivore,Reef,1
Halichoeres nebulosus,12,Labridae,Micro-invertivore,Reef,1
Halichoeres ornatissimus,18,Labridae,Micro-invertivore,Reef,1
Halichoeres pallidus,10,Labridae,Micro-invertivore,Reef,1
Halichoeres pictus,13,Labridae,Micro-invertivore,Reef,1
Halichoeres poeyi,20,Labridae,Micro-invertivore,Reef,1
Halichoeres prosopeion,13,Labridae,Micro-invertivore,Reef,1
Halichoeres radiatus,51,Labridae,Micro-invertivore,Reef,1
Halichoeres richmondi,19,Labridae,Micro-invertivore,Reef,1
Halichoeres scapularis,20,Labridae,Micro-invertivore,Reef,1
Halichoeres sp,23,Labridae,Micro-invertivore,Reef,1
Halichoeres trimaculatus,27,Labridae,Micro-invertivore,Reef,1
Halichoeres vrolikii,13,Labridae,Micro-invertivore,Reef,1
Hazeus nephodes,5,Gobiidae,Detritivore,Reef,1
Helcogramma striatum,4.3,Tripterygiidae,Planktivore,Reef,1
Hemigymnus fasciatus,80,Labridae,Macro-invertivore,Reef,1
Hemigymnus melapterus,90,Labridae,Macro-invertivore,Reef,1
Hemitaurichthys polylepis,18,Chaetodontidae,Planktivore,Reef,1
Hemitaurichthys polylepis,18,Chaetodontidae,Planktivore,Reef,1
Hemitaurichthys thompsoni,18,Chaetodontidae,Planktivore,Reef,1
Hemitaurichthys zoster,18,Chaetodontidae,Planktivore,Reef,1
Heniochus acuminatus,25,Chaetodontidae,Micro-invertivore,Reef,1
Heniochus chrysostomus,18,Chaetodontidae,Micro-invertivore,Reef,1
Heniochus chrysostomus,18,Chaetodontidae,Micro-invertivore,Reef,1
Heniochus diphreutes,21,Chaetodontidae,Micro-invertivore,Reef,1
Heniochus monoceros,24,Chaetodontidae,Micro-invertivore,Reef,1
Heniochus monoceros,24,Chaetodontidae,Micro-invertivore,Reef,1
Heniochus pleurotaenia,17,Chaetodontidae,Micro-invertivore,Reef,1
Heniochus singularius,30,Chaetodontidae,Corallivore,Reef,1
Heniochus singularius,30,Chaetodontidae,Corallivore,Reef,1
Heniochus singularius,30,Chaetodontidae,Corallivore,Reef,1
Heniochus sp,25,Chaetodontidae,Micro-invertivore,Reef,1
Heniochus sp,25,Chaetodontidae,Micro-invertivore,Reef,1
Heniochus varius,19,Chaetodontidae,Micro-invertivore,Reef,1
Heteroconger longissimus,51,Congridae,Planktivore,Reef,1
Heteropriacanthus cruentatus,50.7,Priacanthidae,Planktivore,Reef,1
Hippocampus erectus,19,Sygnathidae,Macro-invertivore,Reef,1
Hipposcarus harid,75,Scaridae,Excavator/scraper,Reef,1
Hipposcarus longiceps,60,Scaridae,Excavator/scraper,Reef,1
Holacanthus ciliaris,45,Pomacanthidae,Micro-invertivore,Reef,1
Holacanthus tricolor,35,Pomacanthidae,Micro-invertivore,Reef,1
Trachinotus sp,120,Carangidae,Pisci-invertivore,Pelagic,0
Trachinotus sp,120,Carangidae,Pisci-invertivore,Pelagic,0
Hologymnosus annulatus,40,Labridae,Pisci-invertivore,Reef,1
Hologymnosus doliatus,50,Labridae,Pisci-invertivore,Reef,1
Hoplolatilus starcki,15.5,Malacanthidae,Planktivore,Reef,1
Hypleurochilus caudovittatus,6,Gobiidae,Detritivore,Reef,1
Hypoplectrus chlorurus,12.7,Serranidae,Pisci-invertivore,Reef,1
Hypoplectrus guttavarius,13,Serranidae,Pisci-invertivore,Reef,1
Hypoplectrus indigo,14.3,Serranidae,Pisci-invertivore,Reef,1
Hypoplectrus nigricans,15.2,Serranidae,Pisci-invertivore,Reef,1
Hypoplectrus puella,15.2,Serranidae,Pisci-invertivore,Reef,1
Hypoplectrus sp,14,Serranidae,Pisci-invertivore,Reef,1
Hypoplectrus sp,14,Serranidae,Pisci-invertivore,Reef,1
Hypoplectrus unicolor,12.7,Serranidae,Pisci-invertivore,Reef,1
Carcharhinus albimarginatus,300,Carcharhinidae,Piscivore,Unknown,0
Iniistius aneitensis,24,Labridae,Micro-invertivore,Reef,1
Iniistius pavo,41,Labridae,Micro-invertivore,Reef,1
Iniistius umbrilatus,17.5,Labridae,Micro-invertivore,Reef,1
Istigobius decoratus,13,Gobiidae,Detritivore,Reef,1
Istigobius sp,13,Gobiidae,Detritivore,Reef,1
Itycirrhitus wilhelmi,12,Cirrhitidae,Micro-invertivore,Reef,1
Carcharhinus amblyrhynchos,255,Carcharhinidae,Piscivore,Unknown,0
Koumansetta hectori,-999,Gobiidae,Detritivore,Reef,1
Kuhlia sandvicensis,21.4,Kuhliidae,Pisci-invertivore,Reef,1
Kyphosus bigibbus,75,Kyphosidae,Browser,Reef,1
Kyphosus cinerascens,50,Kyphosidae,Browser,Reef,1
Kyphosus hawaiiensis,41,Kyphosidae,Browser,Reef,1
Kyphosus pacificus,45,Kyphosidae,Browser,Reef,1
Kyphosus sandwicensis,75,Kyphosidae,Browser,Reef,1
Carcharhinus galapagensis,370,Carcharhinidae,Piscivore,Unknown,0
Kyphosus sp,75,Kyphosidae,Browser,Reef,1
Kyphosus sp,75,Kyphosidae,Browser,Reef,1
Kyphosus sp,75,Kyphosidae,Browser,Reef,1
Kyphosus vaigiensis,70,Kyphosidae,Browser,Reef,1
Labrichthys unilineatus,17.5,Labridae,Corallivore,Reef,1
Labrid sp,14,Labridae,Micro-invertivore,Reef,1
Labrid sp,14,Labridae,Micro-invertivore,Reef,1
Labrisomus gobio,6.5,Labrisomidae,Micro-invertivore,Reef,1
Labroides bicolor,15,Labridae,Micro-invertivore,Reef,1
Labroides dimidiatus,14,Labridae,Micro-invertivore,Reef,1
Labroides pectoralis,11,Labridae,Micro-invertivore,Reef,1
Labroides phthirophagus,12,Labridae,Micro-invertivore,Reef,1
Labroides rubrolabiatus,9,Labridae,Micro-invertivore,Reef,1
Labropsis australis,10.5,Labridae,Corallivore,Reef,1
Labropsis polynesica,7.9,Labridae,Corallivore,Reef,1
Labropsis xanthonota,13,Labridae,Corallivore,Reef,1
Lachnolaimus maximus,91,Labridae,Macro-invertivore,Reef,1
Lactophrys bicaudalis,48,Ostraciidae,Micro-invertivore,Reef,1
Lactophrys trigonus,55,Ostraciidae,Micro-invertivore,Reef,1
Lactophrys triqueter,47,Ostraciidae,Micro-invertivore,Reef,1
Lactoria diaphana,34,Ostraciidae,Micro-invertivore,Reef,1
Lactoria fornasini,23,Ostraciidae,Micro-invertivore,Reef,1
Larbichthys unilineatus,17.5,Labridae,Corallivore,Reef,1
Lepidozygus tapeinosoma,10.5,Pomacentridae,Planktivore,Reef,1
Leptoscarus vaigiensis,35,Scaridae,Browser,Reef,1
Lethrinus enigmaticus,55,Lethrinidae,Pisci-invertivore,Reef,1
Lethrinus erythracanthus,70,Lethrinidae,Pisci-invertivore,Reef,1
Lethrinus harak,50,Lethrinidae,Pisci-invertivore,Reef,1
Lethrinus lentjan,52,Lethrinidae,Pisci-invertivore,Reef,1
Lethrinus mahsena,65,Lethrinidae,Pisci-invertivore,Reef,1
Lethrinus microdon,80,Lethrinidae,Pisci-invertivore,Reef,1
Lethrinus microdon,80,Lethrinidae,Pisci-invertivore,Reef,1
Lethrinus miniatus,90,Lethrinidae,Pisci-invertivore,Reef,1
Lethrinus nebulosus,87,Lethrinidae,Pisci-invertivore,Reef,1
Lethrinus obsoletus,60,Lethrinidae,Pisci-invertivore,Reef,1
Lethrinus olivaceous,100,Lethrinidae,Pisci-invertivore,Reef,1
Lethrinus olivaceus,100,Lethrinidae,Pisci-invertivore,Reef,1
Lethrinus rubrioperculatus,50,Lethrinidae,Pisci-invertivore,Reef,1
Lethrinus sp,70,Lethrinidae,Pisci-invertivore,Reef,1
Lethrinus xanthocheilus,70,Lethrinidae,Pisci-invertivore,Reef,1
Lethrinus xanthochilus,70,Lethrinidae,Pisci-invertivore,Reef,1
Liopropoma rubre,10,Serranidae,Macro-invertivore,Reef,1
Lotilia graciliosa,4.5,Gobiidae,Detritivore,Reef,1
Lucayablennius zingaro,3.8,Chaenopsidae,Detritivore,Reef,1
Lutjanus analis,94,Lutjanidae,Pisci-invertivore,Reef,1
Lutjanus apodus,67.2,Lutjanidae,Pisci-invertivore,Reef,1
Lutjanus argentimaculatus,150,Lutjanidae,Pisci-invertivore,Reef,1
Lutjanus bengalensis,30,Lutjanidae,Pisci-invertivore,Reef,1
Lutjanus biguttatus,25,Lutjanidae,Pisci-invertivore,Reef,1
Lutjanus bohar,90,Lutjanidae,Piscivore,Reef,1
Lutjanus carponotatus,40,Lutjanidae,Pisci-invertivore,Reef,1
Lutjanus cyanopterus,160,Lutjanidae,Pisci-invertivore,Reef,1
Lutjanus decussatus,35,Lutjanidae,Pisci-invertivore,Reef,1
Lutjanus ehrenbergii,35,Lutjanidae,Pisci-invertivore,Reef,1
Lutjanus fulviflamma,35,Lutjanidae,Pisci-invertivore,Reef,1
Lutjanus fulvus,40,Lutjanidae,Pisci-invertivore,Reef,1
Lutjanus gibbus,50,Lutjanidae,Pisci-invertivore,Reef,1
Lutjanus griseus,89,Lutjanidae,Pisci-invertivore,Reef,1
Lutjanus jocu,128,Lutjanidae,Pisci-invertivore,Reef,1
Lutjanus kasmira,40,Lutjanidae,Pisci-invertivore,Reef,1
Lutjanus lutjanus,35,Lutjanidae,Pisci-invertivore,Reef,1
Lutjanus mahogoni,48,Lutjanidae,Pisci-invertivore,Reef,1
Lutjanus maxweberi,15,Lutjanidae,Pisci-invertivore,Reef,1
Lutjanus monostigma,60,Lutjanidae,Pisci-invertivore,Reef,1
Lutjanus quinquelineatus,38,Lutjanidae,Pisci-invertivore,Reef,1
Lutjanus rivulatus,80,Lutjanidae,Pisci-invertivore,Reef,1
Lutjanus russeli,50,Lutjanidae,Pisci-invertivore,Reef,1
Lutjanus semicinctus,35,Lutjanidae,Pisci-invertivore,Reef,1
Lutjanus sp,55,Lutjanidae,Pisci-invertivore,Reef,1
Lutjanus sp,55,Lutjanidae,Pisci-invertivore,Reef,1
Lutjanus synagris,60,Lutjanidae,Pisci-invertivore,Reef,1
Luzonichthys sp,5.8,Serranidae,Planktivore,Reef,1
Luzonichthys whitleyi,5.8,Serranidae,Planktivore,Reef,1
Macolor macularis,60,Lutjanidae,Pisci-invertivore,Reef,1
Macolor niger,75,Lutjanidae,Pisci-invertivore,Reef,1
Macolor niger,75,Lutjanidae,Pisci-invertivore,Reef,1
Macolor sp,75,Lutjanidae,Pisci-invertivore,Reef,1
Macropharyngodon bipartitus,13,Labridae,Micro-invertivore,Reef,1
Macropharyngodon geoffroy,15,Labridae,Micro-invertivore,Reef,1
Macropharyngodon meleagris,15,Labridae,Micro-invertivore,Reef,1
Macropharyngodon sp,15,Labridae,Micro-invertivore,Reef,1
Macropharyngodon sp,15,Labridae,Micro-invertivore,Reef,1
Malacanthus brevirostris,32,Malacanthidae,Macro-invertivore,Reef,1
Malacanthus latovittatus,45,Malacanthidae,Macro-invertivore,Reef,1
Malacanthus plumieri,70,Malacanthidae,Macro-invertivore,Reef,1
Malacoctenus boehlkei,6.4,Labrisomidae,Micro-invertivore,Reef,1
Malacoctenus macropus,5.5,Labrisomidae,Micro-invertivore,Reef,1
Malacoctenus triangulatus,7.5,Labrisomidae,Micro-invertivore,Reef,1
Carcharhinus melanopterus,200,Carcharhinidae,Piscivore,Unknown,0
Meiacanthus atrodorsalis,11,Blenniidae,Micro-invertivore,Reef,1
Melichthys indicus,25,Balistidae,Planktivore,Reef,1
Melichthys niger,50,Balistidae,Planktivore,Reef,1
Melichthys sp,37,Balistidae,Planktivore,Reef,1
Melichthys sp,37,Balistidae,Planktivore,Reef,1
Melichthys vidua,40,Balistidae,Planktivore,Reef,1
Micrognathus ensenadae,15,Sygnathidae,Macro-invertivore,Reef,1
Microspathodon chrysurus,21,Pomacentridae,Grazer,Reef,1
Monacanthus tuckeri,10,Monacanthidae,Micro-invertivore,Reef,1
Monotaxis grandoculis,60,Lethrinidae,Macro-invertivore,Reef,1
Mulloidichthys flavolineatus,43,Mullidae,Macro-invertivore,Reef,1
Mulloidichthys martinicus,39.4,Mullidae,Pisci-invertivore,Reef,1
Mulloidichthys mimicus,30,Mullidae,Pisci-invertivore,Reef,1
Mulloidichthys pfluegeri,40,Mullidae,Pisci-invertivore,Reef,1
Mulloidichthys vanicolensis,38,Mullidae,Pisci-invertivore,Reef,1
Mycteroperca bonaci,150,Serranidae,Piscivore,Reef,1
Mycteroperca interstitialis,84,Serranidae,Piscivore,Reef,1
Mycteroperca tigris,101,Serranidae,Piscivore,Reef,1
Mycteroperca venenosa,100,Serranidae,Piscivore,Reef,1
Mycteroperce institialis,84,Serranidae,Piscivore,Reef,1
Myrichthys breviceps,102,Ophichthidae,Pisci-invertivore,Reef,1
Myrichthys magnificus,78,Ophichthidae,Pisci-invertivore,Reef,1
Carcharhinus perezi,250,Carcharhinidae,Piscivore,Unknown,0
Triaenodon obesus,213,Carcharhinidae,Piscivore,Unknown,0
Chanos chanos,180,Chanidae,NA,Pelagic,0
Spratelloides delicatulus,7,Clupeidae,NA,Pelagic,0
Echeneis neucratoides,75,Echeneidae,NA,Pelagic,0
Echeneis neucratoides,75,Echeneidae,NA,Pelagic,0
Encrasicholina purpurea,7.5,Engraulidae,NA,Pelagic,0
Chaetodipterus faber,91,Ephippidae,NA,Pelagic,0
Platax batavianus,65,Ephippidae,NA,Pelagic,0
Platax orbicularis,60,Ephippidae,NA,Pelagic,0
Platax sp,60,Ephippidae,NA,Pelagic,0
Platax sp,60,Ephippidae,NA,Pelagic,0
Platax teira,70,Ephippidae,NA,Pelagic,0
Naso annulatus,100,Acanthuridae,Planktivore,Reef,1
Naso brachycentron,90,Acanthuridae,Browser,Reef,1
Naso brevirostris,60,Acanthuridae,Planktivore,Reef,1
Naso brevirostris,60,Acanthuridae,Planktivore,Reef,1
Naso caesius,45.6,Acanthuridae,Planktivore,Reef,1
Naso hexacanthus,75,Acanthuridae,Planktivore,Reef,1
Naso lituratus,46,Acanthuridae,Browser,Reef,1
Naso lopezi,60,Acanthuridae,Planktivore,Reef,1
Naso maculatus,60,Acanthuridae,Planktivore,Reef,1
Naso sp,60,Acanthuridae,Planktivore,Reef,1
Naso thynnoides,40,Acanthuridae,Planktivore,Reef,1
Naso tonganus,60,Acanthuridae,Browser,Reef,1
Naso tuberosus,60,Acanthuridae,Planktivore,Reef,1
Naso unicornis,70,Acanthuridae,Browser,Reef,1
Naso vlamingii,60,Acanthuridae,Planktivore,Reef,1
Naso vlamingii,60,Acanthuridae,Planktivore,Reef,1
Fistularia commersonii,160,Fistulariidae,Piscivore,Pelagic,0
Nemanthias carberryi,13,Serranidae,Planktivore,Reef,1
Nemateleotris helfrichi,6,Microdesmidae,Planktivore,Reef,1
Nemateleotris magnifica,9,Microdesmidae,Planktivore,Reef,1
Neocirrhites armatus,9,Cirrhitidae,Micro-invertivore,Reef,1
Neoglyphidodon melas,18,Pomacentridae,Micro-invertivore,Reef,1
Neoglyphidodon nigroris,13,Pomacentridae,Planktivore,Reef,1
Nebrius ferrugineus,320,Ginglymostomatidae,Pisci-invertivore,Shark,0
Neomyxus leuciscus,46,Mugilidae,Detritivore,Reef,1
Hyporhamphus acutus,30,Hemiramphidae,Planktivore,Pelagic,0
Holocentrus adscensionis,61,Holocentridae,Planktivore,Nocturnal,0
Holocentrus rufus,35,Holocentridae,Planktivore,Nocturnal,0
Myripristis adusta,35,Holocentridae,Planktivore,Nocturnal,0
Myripristis amaena,26.5,Holocentridae,Planktivore,Nocturnal,0
Neopomacentrus azysron,7.5,Pomacentridae,Planktivore,Reef,1
Neopomacentrus metallicus,6,Pomacentridae,Planktivore,Reef,1
Nes longus,10,Gobiidae,Detritivore,Reef,1
Novaculichthys taeniourus,30,Labridae,Macro-invertivore,Reef,1
Ocyurus chrysurus,86.3,Lutjanidae,Pisci-invertivore,Reef,1
Odontoscion dentex,30,Sciaenidae,Pisci-invertivore,Reef,1
Odonus niger,50,Balistidae,Planktivore,Reef,1
Omobranchus rotundiceps,10,Blenniidae,Detritivore,Reef,1
Ophioblennius macclurei,12.2,Blenniidae,Detritivore,Reef,1
Ophioblennius macclurei,12.2,Blenniidae,Detritivore,Reef,1
Ophioblennius macclurei,12.2,Blenniidae,Detritivore,Reef,1
Opistognathus aurifrons,10,Opistognathidae,Planktivore,Reef,1
Oplegnathus fasciatus,80,Oplegnathidae,Macro-invertivore,Reef,1
Oplegnathus punctatus,86,Oplegnathidae,Macro-invertivore,Reef,1
Ostorhinchus angustatus,11,Apogonidae,Planktivore,Reef,1
Ostracion cubicus,45,Ostraciidae,Micro-invertivore,Reef,1
Ostracion meleagris,25,Ostraciidae,Micro-invertivore,Reef,1
Ostracion solorensis,12,Ostraciidae,Micro-invertivore,Reef,1
Ostracion whitleyi,15.5,Ostraciidae,Micro-invertivore,Reef,1
Oxycheilinus arenatus,21,Labridae,Pisci-invertivore,Reef,1
Oxycheilinus bimaculatus,15,Labridae,Pisci-invertivore,Reef,1
Oxycheilinus celebicus,24,Labridae,Pisci-invertivore,Reef,1
Oxycheilinus digramma,40,Labridae,Pisci-invertivore,Reef,1
Oxycheilinus digramma,40,Labridae,Pisci-invertivore,Reef,1
Oxycheilinus digramma,40,Labridae,Pisci-invertivore,Reef,1
Oxycheilinus digramma,40,Labridae,Pisci-invertivore,Reef,1
Oxycheilinus orientalis,20,Labridae,Pisci-invertivore,Reef,1
Oxycheilinus rhodochrous,20,Labridae,Pisci-invertivore,Reef,1
Oxycheilinus sp,40,Labridae,Pisci-invertivore,Reef,1
Oxycheilinus unifasciatus,46,Labridae,Pisci-invertivore,Reef,1
Oxycheilinus unifasciatus,46,Labridae,Pisci-invertivore,Reef,1
Oxycirrhites typus,13,Cirrhitidae,Micro-invertivore,Reef,1
Oxymonacanthus longirostris,12,Monacanthidae,Micro-invertivore,Reef,1
Oxymonacanthus longirostris,12,Monacanthidae,Micro-invertivore,Reef,1
Parablennius marmoratus,15.2,Blenniidae,Detritivore,Reef,1
Paracanthurus hepatus,31,Acanthuridae,Planktivore,Reef,1
Paracirrhites arcatus,20,Cirrhitidae,Micro-invertivore,Reef,1
Paracirrhites forsteri,22,Cirrhitidae,Micro-invertivore,Reef,1
Paracirrhites hemistictus,29,Cirrhitidae,Micro-invertivore,Reef,1
Paracirrhites xanthus,10,Cirrhitidae,Micro-invertivore,Reef,1
Paradiplogrammus bairdi,11.4,Callionymidae,Micro-invertivore,Reef,1
Paragobiodon echinocephalus,4,Gobiidae,Detritivore,Reef,1
Paraluteres prionurus,11,Monacanthidae,Micro-invertivore,Reef,1
Paranthias furcifer,30,Serranidae,Planktivore,Reef,1
Parapercis clathrata,24,Pinguipedidae,Piscivore,Reef,1
Parapercis hexophtalma,29,Pinguipedidae,Piscivore,Reef,1
Parapercis hexophthalma,29,Pinguipedidae,Piscivore,Reef,1
Parapercis millepunctata,18,Pinguipedidae,Piscivore,Reef,1
Parapercis millipunctata,18,Pinguipedidae,Piscivore,Reef,1
Parapercis nebulosa,25,Pinguipedidae,Piscivore,Reef,1
Parapercis schauinslandi,18,Pinguipedidae,Piscivore,Reef,1
Parapercis schauinslandii,18,Pinguipedidae,Piscivore,Reef,1
Parapercis sp,20,Pinguipedidae,Piscivore,Reef,1
Pareques acuminatus,23,Sciaenidae,Macro-invertivore,Reef,1
Parupeneus barberinoides,30,Mullidae,Micro-invertivore,Reef,1
Parupeneus barberinus,60,Mullidae,Macro-invertivore,Reef,1
Parupeneus barberinus,60,Mullidae,Macro-invertivore,Reef,1
Parupeneus bifasciatus,35,Mullidae,Macro-invertivore,Reef,1
Parupeneus chrysonemus,19.6,Mullidae,Micro-invertivore,Reef,1
Parupeneus ciliatus,38,Mullidae,Micro-invertivore,Reef,1
Parupeneus crassilabris,38,Mullidae,Macro-invertivore,Reef,1
Parupeneus cyclostomus,50,Mullidae,Pisci-invertivore,Reef,1
Parupeneus indicus,45,Mullidae,Macro-invertivore,Reef,1
Parupeneus insularis,30,Mullidae,Macro-invertivore,Reef,1
Parupeneus macronemus,40,Mullidae,Macro-invertivore,Reef,1
Parupeneus macronemus,40,Mullidae,Macro-invertivore,Reef,1
Parupeneus multifasciatus,35,Mullidae,Macro-invertivore,Reef,1
Parupeneus multifasciatus,35,Mullidae,Macro-invertivore,Reef,1
Parupeneus orientalis,24.9,Mullidae,Macro-invertivore,Reef,1
Parupeneus pleurostigma,33,Mullidae,Macro-invertivore,Reef,1
Parupeneus porphyreus,51,Mullidae,Pisci-invertivore,Reef,1
Parupeneus rubescens,43,Mullidae,Macro-invertivore,Reef,1
Parupeneus trifasciatus,35,Mullidae,Macro-invertivore,Reef,1
Pempheris oualensis,22,Pempheridae,Planktivore,Reef,1
Pempheris schomburgki,15,Pempheridae,Planktivore,Reef,1
Pempheris vanicolensis,20,Pempheridae,Planktivore,Reef,1
Pervagor aspricaudus,13,Monacanthidae,Micro-invertivore,Reef,1
Pervagor janthinosoma,13,Monacanthidae,Micro-invertivore,Reef,1
Pervagor marginalis,6.2,Monacanthidae,Micro-invertivore,Reef,1
Pervagor melanocephalus,16,Monacanthidae,Micro-invertivore,Reef,1
Pervagor sp,10,Monacanthidae,Micro-invertivore,Reef,1
Pervagor spilosoma,18,Monacanthidae,Micro-invertivore,Reef,1
Phaeoptyx xenus,7.5,Apogonidae,Planktivore,Reef,1
Plagiotremus ewaensis,10.2,Blenniidae,Micro-invertivore,Reef,1
Plagiotremus goslinei,6.3,Blenniidae,Micro-invertivore,Reef,1
Plagiotremus laudandus,8,Blenniidae,Micro-invertivore,Reef,1
Plagiotremus rhinorhynchos,12,Blenniidae,Micro-invertivore,Reef,1
Plagiotremus taepinosoma,14,Blenniidae,Micro-invertivore,Reef,1
Plagiotremus tapeinosoma,14,Blenniidae,Micro-invertivore,Reef,1
Myripristis berndti,30,Holocentridae,Planktivore,Nocturnal,0
Myripristis chryseres,25,Holocentridae,Planktivore,Nocturnal,0
Myripristis earlei,24,Holocentridae,Planktivore,Nocturnal,0
Myripristis jacobus,25,Holocentridae,Planktivore,Nocturnal,0
Myripristis kuntee,26,Holocentridae,Planktivore,Nocturnal,0
Myripristis murdjan,60,Holocentridae,Planktivore,Nocturnal,0
Plectorhinchus albovittatus,100,Haemulidae,Pisci-invertivore,Reef,1
Plectorhinchus chaetodonoides,72,Haemulidae,Micro-invertivore,Reef,1
Plectorhinchus flavomaculatus,60,Haemulidae,Micro-invertivore,Reef,1
Plectorhinchus gibbosus,75,Haemulidae,Micro-invertivore,Reef,1
Plectorhinchus orientalis,86,Haemulidae,Micro-invertivore,Reef,1
Plectorhinchus pictus,83,Haemulidae,Micro-invertivore,Reef,1
Plectorhinchus picus,84,Haemulidae,Micro-invertivore,Reef,1
Plectorhinchus schotaf,80,Haemulidae,Micro-invertivore,Reef,1
Plectorhinchus vittatus,72,Haemulidae,Micro-invertivore,Reef,1
Plectroglyphidodon dickii,11,Pomacentridae,Micro-invertivore,Reef,1
Plectroglyphidodon flaviventris,7,Pomacentridae,Micro-invertivore,Reef,1
Plectroglyphidodon imparipennis,6,Pomacentridae,Micro-invertivore,Reef,1
Plectroglyphidodon johnstonianus,14,Pomacentridae,Corallivore,Reef,1
Plectroglyphidodon lacrymatus,10,Pomacentridae,Grazer,Reef,1
Plectroglyphidodon leucozonus,12,Pomacentridae,Grazer,Reef,1
Plectroglyphidodon phoenixensis,9,Pomacentridae,Grazer,Reef,1
Plectroglyphidodon sindonis,10,Pomacentridae,Grazer,Reef,1
Plectropomus areolatus,80,Serranidae,Piscivore,Reef,1
Plectropomus laevis,125,Serranidae,Piscivore,Reef,1
Plectropomus leopardus,120,Serranidae,Piscivore,Reef,1
Plectropomus leopardus,120,Serranidae,Piscivore,Reef,1
Plectropomus maculatus,125,Serranidae,Piscivore,Reef,1
Plectropomus pessuliferus,120,Serranidae,Piscivore,Reef,1
Plectropomus punctatus,96,Serranidae,Piscivore,Reef,1
Myripristis tiki,26.5,Holocentridae,Planktivore,Nocturnal,0
Pogonoperca punctata,35,Serranidae,Piscivore,Reef,1
Pomacanthus arcuatus,60,Pomacanthidae,Spongivore,Reef,1
Pomacanthus imperator,40,Pomacanthidae,Spongivore,Reef,1
Pomacanthus navarchus,28,Pomacanthidae,Spongivore,Reef,1
Pomacanthus paru,41.1,Pomacanthidae,Spongivore,Reef,1
Pomacanthus semicirculatus,40,Pomacanthidae,Spongivore,Reef,1
Pomacanthus sextriatus,46,Pomacanthidae,Spongivore,Reef,1
Pomacentrus adelus,8.5,Pomacentridae,Planktivore,Reef,1
Pomacentrus amboinensis,9,Pomacentridae,Spongivore,Reef,1
Pomacentrus bankanensis,9,Pomacentridae,Spongivore,Reef,1
Pomacentrus brachialis,8,Pomacentridae,Planktivore,Reef,1
Pomacentrus caeruleus,10,Pomacentridae,Planktivore,Reef,1
Pomacentrus coelestis,9,Pomacentridae,Planktivore,Reef,1
Pomacentrus indicus,11,Pomacentridae,Spongivore,Reef,1
Pomacentrus lepidogenys,9,Pomacentridae,Planktivore,Reef,1
Pomacentrus moluccensis,9,Pomacentridae,Spongivore,Reef,1
Pomacentrus nagasakiensis,11,Pomacentridae,Planktivore,Reef,1
Pomacentrus pavo,8.5,Pomacentridae,Spongivore,Reef,1
Pomacentrus philippinus,10,Pomacentridae,Planktivore,Reef,1
Pomacentrus sp,11,Pomacentridae,Micro-invertivore,Reef,1
Pomacentrus sp,10,Pomacentridae,Spongivore,Reef,1
Pomacentrus sp,10,Pomacentridae,Spongivore,Reef,1
Pomacentrus sulfureus,11,Pomacentridae,Spongivore,Reef,1
Pomacentrus trilineatus,10,Pomacentridae,Spongivore,Reef,1
Pomacentrus vaiuli,10,Pomacentridae,Spongivore,Reef,1
Pomacentrus wardi,8,Pomacentridae,Grazer,Reef,1
Pomachromis guamensis,4.5,Pomacentridae,Planktivore,Reef,1
Pomachromis richardsoni,6,Pomacentridae,Planktivore,Reef,1
Pomochromis fuscidorsalis,6,Pomacentridae,Planktivore,Reef,1
Myripristis violacea,35,Holocentridae,Planktivore,Nocturnal,0
Priacanthus hamrur,45,Priacanthidae,Pisci-invertivore,Reef,1
Priacanthus meeki,33,Priacanthidae,Pisci-invertivore,Reef,1
Priacanthus sp,33,Priacanthidae,Pisci-invertivore,Reef,1
Priolepis eugenius,5.6,Gobiidae,Detritivore,Reef,1
Priolepis hipoliti,4,Gobiidae,Detritivore,Reef,1
Prognathodes aculeatus,10,Chaetodontidae,Micro-invertivore,Reef,1
Pseudanthias bartlettorum,9,Serranidae,Planktivore,Reef,1
Pseudanthias bicolor,13,Serranidae,Planktivore,Reef,1
Pseudanthias carburyi,12,Serranidae,Planktivore,Reef,1
Pseudanthias cooperi,14,Serranidae,Planktivore,Reef,1
Pseudanthias dispar,9.5,Serranidae,Planktivore,Reef,1
Pseudanthias evansi,12,Serranidae,Planktivore,Reef,1
Pseudanthias mooreanus,7.2,Serranidae,Planktivore,Reef,1
Pseudanthias olivaceus,8.8,Serranidae,Planktivore,Reef,1
Pseudanthias pascalus,20,Serranidae,Planktivore,Reef,1
Pseudanthias squamipinnis,15,Serranidae,Planktivore,Reef,1
Pseudanthias thompsoni,22,Serranidae,Planktivore,Reef,1
Pseudanthias tuka,12,Labridae,Planktivore,Reef,1
Pseudanthias ventralis,7,Serranidae,Planktivore,Reef,1
Pseudobalistes flavimarginatus,60,Balistidae,Macro-invertivore,Reef,1
Pseudobalistes fuscus,55,Balistidae,Macro-invertivore,Reef,1
Myripristis vittata,25,Holocentridae,Planktivore,Nocturnal,0
Pseudocheilinus citrinus,6.6,Labridae,Micro-invertivore,Reef,1
Pseudocheilinus evanidus,9,Labridae,Micro-invertivore,Reef,1
Pseudocheilinus hexataenia,10,Labridae,Micro-invertivore,Reef,1
Pseudocheilinus octotaenia,14,Labridae,Micro-invertivore,Reef,1
Pseudocheilinus tetrataenia,7.5,Labridae,Micro-invertivore,Reef,1
Pseudocoris aurantiofasciata,20,Labridae,Planktivore,Reef,1
Pseudocoris heteroptera,20,Labridae,Planktivore,Reef,1
Pseudocoris yamashiroi,16,Labridae,Planktivore,Reef,1
Pseudodax moluccanus,30,Labridae,Micro-invertivore,Reef,1
Pseudojuloides atavai,13,Labridae,Micro-invertivore,Reef,1
Pseudojuloides cerasinus,12.3,Labridae,Micro-invertivore,Reef,1
Pseudolabrus fuentesi,16.5,Labridae,Micro-invertivore,Reef,1
Pseudolabrus fuentesi,16.5,Labridae,Micro-invertivore,Reef,1
Pseudolabrus semifasciatus,25,Labridae,Micro-invertivore,Reef,1
Pseudopeneus maculatus,30,Mullidae,Macro-invertivore,Reef,1
Psilogobius mainlandi,3.7,Gobiidae,Detritivore,Reef,1
Pteragogus cryptus,9.5,Labridae,Micro-invertivore,Reef,1
Pteragogus enneacanthus,15,Labridae,Micro-invertivore,Reef,1
Ptereleotris evides,14,Microdesmidae,Planktivore,Reef,1
Ptereleotris heteroptera,14,Microdesmidae,Planktivore,Reef,1
Ptereleotris microlepis,13,Microdesmidae,Planktivore,Reef,1
Ptereleotris zebra,12,Microdesmidae,Planktivore,Reef,1
Myripristis woodsi,25,Holocentridae,Planktivore,Nocturnal,0
Myrpristis amaena,27,Holocentridae,Planktivore,Nocturnal,0
Neoiphon marianus,18,Holocentridae,Pisci-invertivore,Nocturnal,0
Neoniphon argenteus,24,Holocentridae,Pisci-invertivore,Nocturnal,0
Neoniphon aurolineatus,25,Holocentridae,Pisci-invertivore,Nocturnal,0
Neoniphon opercularis,35,Holocentridae,Pisci-invertivore,Nocturnal,0
Pterois antennata,20,Scorpaenidae,Pisci-invertivore,Reef,1
Pterois sp,20,Scorpaenidae,Pisci-invertivore,Reef,1
Pterois sphex,22,Scorpaenidae,Pisci-invertivore,Reef,1
Pterois volitans,38,Scorpaenidae,Pisci-invertivore,Reef,1
Pygoplites diacanthus,25,Pomacanthidae,Spongivore,Reef,1
Neoniphon sammara,32,Holocentridae,Pisci-invertivore,Nocturnal,0
Rhinecanthus aculeatus,30,Balistidae,Micro-invertivore,Reef,1
Rhinecanthus cinereus,16.5,Balistidae,Micro-invertivore,Reef,1
Rhinecanthus lunula,28,Balistidae,Micro-invertivore,Reef,1
Rhinecanthus rectangulus,30,Balistidae,Micro-invertivore,Reef,1
Rypticus saponaceus,35,Serranidae,Pisci-invertivore,Reef,1
Sanopus greenfieldorum,35,Batrachoididae,Piscivore,Reef,1
Neoniphon sp,30,Holocentridae,Pisci-invertivore,Nocturnal,0
Plectrypops retrospinis,15,Holocentridae,Pisci-invertivore,Nocturnal,0
Priacanthus arenatus,50,Holocentridae,Pisci-invertivore,Nocturnal,0
Sargocentron bullisi,13,Holocentridae,Pisci-invertivore,Nocturnal,0
Sargocentron caudimaculatum,25,Holocentridae,Pisci-invertivore,Nocturnal,0
Sargocentron diadema,17,Holocentridae,Pisci-invertivore,Nocturnal,0
Sargocentron ensifer,23,Holocentridae,Pisci-invertivore,Nocturnal,0
Sargocentron microstoma,20,Holocentridae,Pisci-invertivore,Nocturnal,0
Sargocentron punctatissimum,23,Holocentridae,Pisci-invertivore,Nocturnal,0
Sargocentron sp,20,Holocentridae,Pisci-invertivore,Nocturnal,0
Sargocentron spiniferum,51,Holocentridae,Pisci-invertivore,Nocturnal,0
Sargocentron tiere,33,Holocentridae,Pisci-invertivore,Nocturnal,0
Sargocentron vexillarium,18,Holocentridae,Pisci-invertivore,Nocturnal,0
Saurida flamma,30.5,Synodontidae,Piscivore,Reef,1
Saurida gracilis,32,Synodontidae,Piscivore,Reef,1
Scarus altipinnis,60,Scaridae,Excavator/scraper,Reef,1
Scarus altrilunula,60,Scaridae,Excavator/scraper,Reef,1
Scarus caudofasciatus,50,Scaridae,Excavator/scraper,Reef,1
Scarus chameleon,31,Scaridae,Excavator/scraper,Reef,1
Scarus coelestinus,77,Scaridae,Excavator/scraper,Reef,1
Scarus coeruleus,120,Scaridae,Excavator/scraper,Reef,1
Scarus dimidiatus,40,Scaridae,Excavator/scraper,Reef,1
Scarus dubius,35.6,Scaridae,Excavator/scraper,Reef,1
Scarus falcipinnis,60,Scaridae,Excavator/scraper,Reef,1
Scarus festivus,45,Scaridae,Excavator/scraper,Reef,1
Scarus flavipectoralis,40,Scaridae,Excavator/scraper,Reef,1
Scarus forsteni,55,Scaridae,Excavator/scraper,Reef,1
Scarus forsteni,55,Scaridae,Excavator/scraper,Reef,1
Scarus frenatus,47,Scaridae,Excavator/scraper,Reef,1
Scarus frenatus,47,Scaridae,Excavator/scraper,Reef,1
Scarus fuscocaudalis,25,Scaridae,Excavator/scraper,Reef,1
Scarus ghobban,90,Scaridae,Excavator/scraper,Reef,1
Scarus globiceps,27,Scaridae,Excavator/scraper,Reef,1
Scarus guacamaia,120,Scaridae,Excavator/scraper,Reef,1
Scarus iserti,35,Scaridae,Excavator/scraper,Reef,1
Scarus japanensis,31,Scaridae,Excavator/scraper,Reef,1
Scarus longipinnis,40,Scaridae,Excavator/scraper,Reef,1
Scarus niger,40,Scaridae,Excavator/scraper,Reef,1
Scarus oviceps,35,Scaridae,Excavator/scraper,Reef,1
Scarus prasiognathos,70,Scaridae,Excavator/scraper,Reef,1
Scarus psittacus,30,Scaridae,Excavator/scraper,Reef,1
Scarus rivulatus,40,Scaridae,Excavator/scraper,Reef,1
Scarus rubroviolaceus,70,Scaridae,Excavator/scraper,Reef,1
Scarus scaber,37,Scaridae,Excavator/scraper,Reef,1
Scarus schlegeli,40,Scaridae,Excavator/scraper,Reef,1
Scarus sp,50,Scaridae,Excavator/scraper,Reef,1
Scarus sp,50,Scaridae,Excavator/scraper,Reef,1
Scarus sp,50,Scaridae,Excavator/scraper,Reef,1
Scarus sp,50,Scaridae,Excavator/scraper,Reef,1
Scarus spinus,30,Scaridae,Excavator/scraper,Reef,1
Scarus taeniopterus,35,Scaridae,Excavator/scraper,Reef,1
Scarus tricolor,26.6,Scaridae,Excavator/scraper,Reef,1
Scarus vetula,61,Scaridae,Excavator/scraper,Reef,1
Scarus viridifucatus,45,Scaridae,Excavator/scraper,Reef,1
Scarus xanthopleura,54,Scaridae,Excavator/scraper,Reef,1
Scolopsis bilineata,25,Nemipteridae,Micro-invertivore,Reef,1
Scolopsis bilineata,25,Nemipteridae,Micro-invertivore,Reef,1
Scolopsis ciliata,25,Nemipteridae,Micro-invertivore,Reef,1
Scolopsis frenatus,26,Nemipteridae,Micro-invertivore,Reef,1
Scolopsis lineata,25,Nemipteridae,Micro-invertivore,Reef,1
Scolopsis lineata,25,Nemipteridae,Micro-invertivore,Reef,1
Scolopsis margaritifera,28,Nemipteridae,Micro-invertivore,Reef,1
Scolopsis trilineatus,26,Nemipteridae,Micro-invertivore,Reef,1
Sargocentron wilhelmi,19.5,Holocentridae,Pisci-invertivore,Nocturnal,0
Sargocentron xantherythrum,17,Holocentridae,Pisci-invertivore,Nocturnal,0
Sargocentrun corsuscum,15,Holocentridae,Pisci-invertivore,Nocturnal,0
Scorpaena grandicornis,30,Scorpaenidae,Pisci-invertivore,Reef,1
Scorpaena orgila,38,Scorpaenidae,Pisci-invertivore,Reef,1
Scorpaena plumieri,45,Scorpaenidae,Pisci-invertivore,Reef,1
Scorpaenodes caribbaeus,12,Scorpaenidae,Micro-invertivore,Reef,1
Scorpaenodes kelloggi,5,Scorpaenidae,Micro-invertivore,Reef,1
Scorpaenodes parvipinnis,14,Scorpaenidae,Micro-invertivore,Reef,1
Scorpaenopsis cacopsis,51,Scorpaenidae,Piscivore,Reef,1
Scorpaenopsis diabolus,30,Scorpaenidae,Pisci-invertivore,Reef,1
Scorpaenopsis oxycephala,36,Scorpaenidae,Pisci-invertivore,Reef,1
Scorpaenopsis sp,30,Scorpaenidae,Pisci-invertivore,Reef,1
Scuticaria tigrinus,120,Muraenidae,Piscivore,Reef,1
Sebastapistes coniorta,10,Scorpaenidae,Micro-invertivore,Reef,1
Sebastapistes cyanostigma,10,Scorpaenidae,Micro-invertivore,Reef,1
Sebastapistes sp,10,Scorpaenidae,Micro-invertivore,Reef,1
Kyphosus sectatrix,76,Kyphosidae,Browser,Mangroves,0
Sectator ocyurus,59,Kyphosidae,NA,Pelagic,0
UNKNOWN UNKNOWN,0,Labridae,NA,Unk,0
Serranus baldwini,12,Serranidae,Pisci-invertivore,Reef,1
Serranus tabacarius,22,Serranidae,Pisci-invertivore,Reef,1
Serranus tigrinus,29,Serranidae,Macro-invertivore,Reef,1
Serranus tigrinus ,101,Serranidae,Macro-invertivore,Reef,1
Serranus tortugarum,8,Serranidae,Planktivore,Reef,1
Siganus argenteus,40,Siganidae,Grazer,Reef,1
Siganus corallinus,35,Siganidae,Grazer,Reef,1
Siganus doliatus,25,Siganidae,Grazer,Reef,1
Siganus guttatus,42,Siganidae,Grazer,Reef,1
Siganus lineatus,43,siganidae,Grazer,Reef,1
Siganus puelloides,31,Siganidae,Grazer,Reef,1
Siganus puellus,38,Siganidae,Grazer,Reef,1
Siganus punctatus,40,Siganidae,Grazer,Reef,1
Siganus spinus,28,Siganidae,Grazer,Reef,1
Siganus stellatus,40,Siganidae,Grazer,Reef,1
Siganus sutor,45,Siganidae,Grazer,Reef,1
Siganus uspi,24,Siganidae,Grazer,Reef,1
Siganus vulpinus,25,Siganidae,Grazer,Reef,1
Sparisoma atomarium,25,Scaridae,Excavator/scraper,Reef,1
Sparisoma aurofrenatum,28,Scaridae,Excavator/scraper,Reef,1
Sparisoma chrysopterum,46,Scaridae,Excavator/scraper,Reef,1
Sparisoma rubripinne,47.8,Scaridae,Excavator/scraper,Reef,1
Sparisoma rubripinne,47.8,Scaridae,Excavator/scraper,Reef,1
Sparisoma viride,64,Scaridae,Excavator/scraper,Reef,1
Sphoeroides sphengleri,30,Tetraodontidae,Macro-invertivore,Reef,1
UNKNOWN UNKNOWN,0,Labridae,NA,Unk,0
UNKNOWN UNKNOWN,0,Labridae,NA,Unk,0
UNKNOWN UNKNOWN,0,Labridae,NA,Unk,0
Aphareus furca,70,Lutjanidae,Piscivore,Pelagic,0
Manta birostris,910,Mobulidae,Planktivore,Pelagic,0
Aetobatus narinari,330,Myliobatidae,NA,Pelagic,0
Starksia nanodes,2.2,Labrisomidae,Detritivore,Reef,1
Stegastes adustus,15,Pomacentridae,Grazer,Reef,1
Stegastes albifasciatus,13,Pomacentridae,Grazer,Reef,1
Stegastes apicalis,15,Pomacentridae,Grazer,Reef,1
Stegastes aureus,11,Pomacentridae,Grazer,Reef,1
Stegastes diencaeus,12.5,Pomacentridae,Grazer,Reef,1
Stegastes emeryi,10,Pomacentridae,Grazer,Reef,1
Stegastes fasciolatus,16.5,Pomacentridae,Grazer,Reef,1
Stegastes leucostictus,10,Pomacentridae,Grazer,Reef,1
Stegastes lividus,13,Pomacentridae,Grazer,Reef,1
Stegastes nigricans,14,Pomacentridae,Grazer,Reef,1
Stegastes partitus,10,Pomacentridae,Grazer,Reef,1
Stegastes planifrons,13,Pomacentridae,Grazer,Reef,1
Stegastes sp,13,Pomacentridae,Grazer,Reef,1
Stegastes variabilis,12.5,Pomacentridae,Grazer,Reef,1
Stethojulis albovittata,14,Labridae,Micro-invertivore,Reef,1
Stethojulis balteata,15,Labridae,Micro-invertivore,Reef,1
Stethojulis bandanensis,15,Labridae,Micro-invertivore,Reef,1
Stethojulis bandanensis,15,Labridae,Micro-invertivore,Reef,1
Stethojulis strigiventer,15,Labridae,Micro-invertivore,Reef,1
Stethojulis trilineata,15,Labridae,Micro-invertivore,Reef,1
Aetobatus narinari,330,Myliobatidae,NA,Pelagic,0
Sufflamen bursa,25,Balistidae,Micro-invertivore,Reef,1
Sufflamen chrysopterum,30,Balistidae,Micro-invertivore,Reef,1
Sufflamen fraenatum,38,Balistidae,Micro-invertivore,Reef,1
Sufflamen fraenatus,38,Balistidae,Micro-invertivore,Reef,1
Sufflamen frenatus,38,Balistidae,Micro-invertivore,Reef,1
Syacium micrurum,40,Paralichthyidae,Micro-invertivore,Reef,1
Synchiropus stellatus,7.5,Callionymidae,Micro-invertivore,Reef,1
Synodus binotatus,18,Synodontidae,Piscivore,Reef,1
Synodus capricornis,21,Synodontidae,Piscivore,Reef,1
Synodus dermatogenys,24,Synodontidae,Piscivore,Reef,1
Synodus intermedius,46,Synodontidae,Piscivore,Reef,1
Synodus lobeli,23.4,Synodontidae,Piscivore,Reef,1
Synodus saurus,40,Synodontidae,Piscivore,Reef,1
Synodus sp,40,Synodontidae,Piscivore,Reef,1
Synodus sp,40,Synodontidae,Piscivore,Reef,1
Synodus ulae,30,Synodontidae,Piscivore,Reef,1
Synodus variegatus,40,Synodontidae,Piscivore,Reef,1
Taenianotus triacanthus,10,Scorpaenidae,Piscivore,Reef,1
Taeniura meyeni,330,Dasyatidae,Pisci-invertivore,Reef,1
Thalassoma amblycephalum,16,Labridae,Micro-invertivore,Reef,1
Thalassoma ballieui,39.5,Labridae,Micro-invertivore,Reef,1
Thalassoma bifasciatum,25,Labridae,Micro-invertivore,Reef,1
Thalassoma duperrey,28,Labridae,Micro-invertivore,Reef,1
Thalassoma duperrey,28,Labridae,Micro-invertivore,Reef,1
Thalassoma duperrey,28,Labridae,Micro-invertivore,Reef,1
Thalassoma hardwicke,20,Labridae,Micro-invertivore,Reef,1
Thalassoma hardwicke,20,Labridae,Micro-invertivore,Reef,1
Thalassoma hebraicum,23,Labridae,Micro-invertivore,Reef,1
Thalassoma heiseri,11.6,Labridae,Micro-invertivore,Reef,1
Thalassoma jansenii,20,Labridae,Micro-invertivore,Reef,1
Thalassoma jansenii,20,Labridae,Micro-invertivore,Reef,1
Thalassoma lunare,45,Labridae,Micro-invertivore,Reef,1
Thalassoma lutescens,30,Labridae,Micro-invertivore,Reef,1
Thalassoma purpureum,46,Labridae,Micro-invertivore,Reef,1
Thalassoma quinquevittatum,17,Labridae,Micro-invertivore,Reef,1
Thalassoma quinquevittatum,17,Labridae,Micro-invertivore,Reef,1
Thalassoma sp,35,Labridae,Micro-invertivore,Reef,1
Thalassoma sp,35,Labridae,Micro-invertivore,Reef,1
Thalassoma sp,35,Labridae,Micro-invertivore,Reef,1
Thalassoma trilobatum,30,Labridae,Micro-invertivore,Reef,1
Acanthocybium solandri,250,Scombridae,Piscivore,Pelagic,0
Trachinocephalus myops,40,Synodontidae,Piscivore,Reef,1
Euthynnus affinis,100,Scombridae,Piscivore,Pelagic,0
Gymnosarda unicolor,248,Scombridae,Piscivore,Pelagic,0
Katsuwonus pelamis,110,Scombridae,Piscivore,Pelagic,0
Rastrelliger kanagurta,38,Scombridae,Planktivore,Pelagic,0
Scomberomorus commerson,240,Scombridae,Piscivore,Pelagic,0
Scomberomorus regalis,183,Scombridae,Piscivore,Pelagic,0
Thunnus albacares,239,Scombridae,Piscivore,Pelagic,0
Sphyraena barracuda,200,Sphyraenidae,Piscivore,Pelagic,0
Sphyraena helleri,80,Sphyraenidae,Piscivore,Pelagic,0
Sphyraena picudilla,61,Sphyraenidae,Piscivore,Pelagic,0
Sphyraena qenie,170,Sphyraenidae,Piscivore,Pelagic,0
Sphyrna lewini,430,Sphyrnidae,Piscivore,Pelagic,0
Upeneus arge,36.5,Mullidae,Pisci-invertivore,Reef,1
Upeneus moluccensis,22,Mullidae,Macro-invertivore,Reef,1
Upeneus moluccensis,22,Mullidae,Pisci-invertivore,Reef,1
Urolophus jamaicensis,76,Urolophidae,Micro-invertivore,Reef,1
Valenciennea strigata,18,Gobiidae,Detritivore,Reef,1
Variola albimarginata,65,Serranidae,Piscivore,Reef,1
Variola louti,83,Serranidae,Piscivore,Reef,1
Xanthichthys auromarginatus,30,Balistidae,Planktivore,Reef,1
Xanthichthys caeruleolineatus,35,Balistidae,Planktivore,Reef,1
Xanthichthys mento,30,Balistidae,Planktivore,Reef,1
Xyrichtys aneitensis,24,Labridae,Micro-invertivore,Reef,1
Xyrichtys baldwini,20,Labridae,Micro-invertivore,Reef,1
Xyrichtys pavo,41,Labridae,Micro-invertivore,Reef,1
Xyrichtys umbrilatus,17.5,Labridae,Micro-invertivore,Reef,1
Zanclus cornutus,23,Zanclidae,Micro-invertivore,Reef,1
Zebrasoma desjardinii,40,Acanthuridae,Grazer,Reef,1
Zebrasoma flavescens,20,Acanthuridae,Grazer,Reef,1
Zebrasoma rostratum,21,Acanthuridae,Grazer,Reef,1
Zebrasoma scopas,40,Acanthuridae,Grazer,Reef,1
Zebrasoma sp,40,Acanthuridae,Grazer,Reef,1
Zebrasoma veliferum,40,Acanthuridae,Grazer,Reef,1