,SPECIES,spp,FAMILY,COMMONFAMILYALL,TROPHIC_MONREP,LW_A,LW_B,LENGTH_CONVERSION_FACTOR
53,ABAB,Abudefduf abdominalis,Pomacentridae,Damselfish,PLANKTIVORE,0.0226,3.132,0.89
55,ABNO,Abudefduf notatus,Pomacentridae,,PLANKTIVORE,0.02128,3.15197,0.89
133,ABSP,Abudefduf septemfasciatus,Pomacentridae,Damselfish,PRIMARY,0.02947836,3.15196904,0.93
37,ABSX,Abudefduf sexfasciatus,Pomacentridae,Damselfish,PLANKTIVORE,0.02128,3.15197,0.88
503,ABSO,Abudefduf sordidus,Pomacentridae,Damselfish,PRIMARY,0.0246,3,1
299,ABVA,Abudefduf vaigiensis,Pomacentridae,Damselfish,PLANKTIVORE,0.03,2.8,1
224,ACSO,Acanthocybium solandri,Scombridae,Mackerel,PISCIVORE,0.0025,3.19,0.98
65,SURG,Acanthuridae,Acanthuridae,Surgeonfish,PRIMARY,0.02803,2.98288,0.9
504,ACAC,Acanthurus achilles,Acanthuridae,Surgeonfish,PRIMARY,0.025,3,1
505,ACAN,Acanthurus achillesXnigricans hybrid= rackliffei,Acanthuridae,Surgeonfish,PRIMARY,0.025,3,1
90,ACAL,Acanthurus albipectoralis,Acanthuridae,Surgeonfish,PRIMARY,0.028,2.983,0.91
122,ACBL,Acanthurus blochii,Acanthuridae,Surgeonfish,PRIMARY,0.02506,3.03193,0.93
117,ACDU,Acanthurus dussumieri,Acanthuridae,Surgeonfish,PRIMARY,0.04256,2.86826,0.93
426,ACGU,Acanthurus guttatus,Acanthuridae,Surgeonfish,PRIMARY,0.0029,3,1
69,ACLU,Acanthurus leucocheilus,Acanthuridae,Surgeonfish,PRIMARY,0.0261,3.024,0.9
425,ACLE,Acanthurus leucopareius,Acanthuridae,Surgeonfish,PRIMARY,0.0028,3,1
318,ACLI,Acanthurus lineatus,Acanthuridae,Surgeonfish,PRIMARY,0.0412,2.85,1
8,ACMA,Acanthurus maculiceps,Acanthuridae,Surgeonfish,PRIMARY,0.027,2.945,0.83
139,ACMT,Acanthurus mata,Acanthuridae,Surgeonfish,PLANKTIVORE,0.02224,3.00795,0.94
271,ACNC,Acanthurus nigricans,Acanthuridae,Surgeonfish,PRIMARY,0.067,2.669,1
11,ACNI,Acanthurus nigricauda,Acanthuridae,Surgeonfish,PRIMARY,0.01678,3.16772,0.84
93,ACNF,Acanthurus nigrofuscus,Acanthuridae,Surgeonfish,PRIMARY,0.02637,3.02837,0.91
357,ACNR,Acanthurus nigroris,Acanthuridae,Surgeonfish,PRIMARY,0.021,2.9435,1
356,ACNU,Acanthurus nubilus,Acanthuridae,Surgeonfish,PLANKTIVORE,0.021,2.9435,1
21,ACOL,Acanthurus olivaceus,Acanthuridae,Surgeonfish,PRIMARY,0.03839,3.055,0.86
489,ACPY,Acanthurus pyroferus,Acanthuridae,Surgeonfish,PRIMARY,0.018,3,1
66,ACSP,Acanthurus sp,Acanthuridae,Surgeonfish,PRIMARY,0.02803,2.98288,0.9
478,ACTH,Acanthurus thompsoni,Acanthuridae,Surgeonfish,PLANKTIVORE,0.0153,3,1
24,ACTR,Acanthurus triostegus,Acanthuridae,Surgeonfish,PRIMARY,0.08306,2.56968,0.87
26,ACXA,Acanthurus xanthopterus,Acanthuridae,Surgeonfish,PRIMARY,0.02673,2.98449,0.87
546,AERO,Aethaloperca rogaa,Serranidae,Grouper,PISCIVORE,0.0134,3.031,1
598,AENA,Aetobatus narinari,Myliobatidae,Eagle Rays,SECONDARY,0.0059,3.13,1
317,ALCI,Alectis ciliaris,Carangidae,Jack,PISCIVORE,0.0412,2.85,1
424,ALSC,Aluterus scriptus,Monacanthidae,Filefish,SECONDARY,0.0022,3,1
326,AMSC,Amanses scopas,Monacanthidae,Filefish,SECONDARY,0.0228,2.8708,1
652,AMBI,Amblycirrhitus bimacula,Cirrhitidae,Hawkfish,SECONDARY,0.00929,3.268,1
264,AMFA,Amblyeleotris fasciata,Gobiidae,Goby,PLANKTIVORE,0.0264,2.623,1
458,AMGU,Amblyeleotris guttata,Gobiidae,Goby,PLANKTIVORE,0.0129,3,1
115,AMCU,Amblyglyphidodon curacao,Pomacentridae,Damselfish,SECONDARY,0.0126,3.43508,0.92
314,AMPH,Amblygobius phalaena,Gobiidae,Goby,PRIMARY,0.01838,2.83356999,1
466,AMCH,Amphiprion chrysopterus,Pomacentridae,Damselfish,PLANKTIVORE,0.0145,3,1
190,AMCL,Amphiprion clarkii,Pomacentridae,Damselfish,PLANKTIVORE,0.0189,3.19,0.96
233,AMME,Amphiprion melanopus,Pomacentridae,Damselfish,PLANKTIVORE,0.01545,3.29798,0.99
631,AMPE,Amphiprion perideraion,Pomacentridae,Damselfish,PLANKTIVORE,0.0189,3.19,1
449,ANCA,Anampses caeruleopunctatus,Labridae,Wrasse,SECONDARY,0.0105,3,1
294,ANCH,Anampses chrysocephalus,Labridae,Wrasse,SECONDARY,0.0226,2.793,1
295,ANCU,Anampses cuvier,Labridae,Wrasse,SECONDARY,0.0226,2.793,1
450,ANME,Anampses melanurus,Labridae,Wrasse,SECONDARY,0.0105,3,1
292,ANMG,Anampses meleagrides,Labridae,Wrasse,SECONDARY,0.02261,2.79271,1
293,ANSP,Anampses sp,Labridae,Wrasse,SECONDARY,0.02261,2.79271,1
471,ANTW,Anampses twistii,Labridae,Wrasse,SECONDARY,0.0147,3,1
655,ANCO,Antennarius commerson,Antennariidae,Frogfish,PISCIVORE,0.0236,3.293,1
28,ANTH,Anthias sp,Serranidae,Anthias,PLANKTIVORE,0.01369,3.14874,0.87
676,ANLE,Anyperodon leucogrammicus,Serranidae,Grouper,PISCIVORE,0.0014,3.548,1
448,APFU,Aphareus furca,Lutjanidae,Snapper,PISCIVORE,0.0105,3,1
154,APAN,Apogon angustatus,Apogonidae,Cardinalfish,PLANKTIVORE,0.00493,3.78006,0.94
189,APAP,Apogon apogonoides,Apogonidae,Cardinalfish,PLANKTIVORE,0.0155,3.121,0.96
163,APEX,Apogon exostigma,Apogonidae,Cardinalfish,PLANKTIVORE,0.01635,3.06879,0.95
207,APFR,Apogon fraenatus,Apogonidae,Cardinalfish,PLANKTIVORE,0.01302,3.16529,0.97
134,APKA,Apogon kallopterus,Apogonidae,Cardinalfish,PLANKTIVORE,0.0101,3.31416,0.93
206,APLU,Apogon luteus,Apogonidae,Cardinalfish,PLANKTIVORE,0.0155,3.121,0.97
165,APMA,Apogon maculiferus,Apogonidae,Cardinalfish,PLANKTIVORE,0.0155,3.121,0.95
177,APNO,Apogon novemfasciatus,Apogonidae,Cardinalfish,PLANKTIVORE,0.00863,3.41355,0.95
167,APSP,Apogon sp,Apogonidae,Cardinalfish,PLANKTIVORE,0.01545,3.12126,0.95
168,CARD,Apogonidae,Apogonidae,Cardinalfish,PLANKTIVORE,0.01545,3.12126,0.95
278,APAR,Apolemichthys arcuatus,Pomacanthidae,Angelfish,SECONDARY,0.0669,2.724,1
279,APGR,Apolemichthys griffisi,Pomacanthidae,Angelfish,SECONDARY,0.0669,2.724,1
280,APTR,Apolemichthys trimaculatus,Pomacanthidae,Angelfish,SECONDARY,0.0669,2.724,1
281,APXA,Apolemichthys xanthopunctatus,Pomacanthidae,Angelfish,SECONDARY,0.0669,2.724,1
63,APVI,Aprion virescens,Lutjanidae,Snapper,PISCIVORE,0.02297,2.88627,0.9
169,ARBI,Archamia biguttata,Apogonidae,Cardinalfish,PLANKTIVORE,0.01545,3.12126,0.95
286,ARHI,Arothron hispidus,Tetraodontidae,Pufferfish,SECONDARY,0.06338,2.75597,1
316,ARMA,Arothron mappa,Tetraodontidae,Pufferfish,SECONDARY,0.0307,2.8499,1
277,ARME,Arothron meleagris,Tetraodontidae,Pufferfish,SECONDARY,0.40816326,2.7027027,1
514,ARNI,Arothron nigropunctatus,Tetraodontidae,Pufferfish,SECONDARY,0.0266,3,1
272,ARST,Arothron stellatus,Tetraodontidae,Pufferfish,SECONDARY,0.0915,2.67239,1
634,ASTA,Aspidontus taeniatus,Blenniidae,Blenny,SECONDARY,0.02037181,3.23093426,1
675,AUCH,Aulostomus chinensis,Aulostomidae,Trumpetfish,PISCIVORE,0.00021,3.51443,1
679,BAUN,Balistapus undulatus,Balistidae,Triggerfish,SECONDARY,0.0058,3.554,1
130,BAPO,Balistes polylepis,Balistidae,Triggerfish,SECONDARY,0.019,3.078,0.93
582,TRIG,Balistidae,Balistidae,Triggerfish,SECONDARY,0.019,3.07824,1
680,BACO,Balistoides conspicillum,Balistidae,Triggerfish,SECONDARY,0.0058,3.554,1
539,BAVI,Balistoides viridescens,Balistidae,Triggerfish,SECONDARY,0.02442,3.01828,1
191,NEED,Belonidae,Belonidae,Needlefish,PISCIVORE,0.00075,3.20315,0.96
547,BECH,Belonoperca chabanaudi,Serranidae,Grouper,SECONDARY,0.0134,3.031,1
434,BLCH,Blenniella chrysospilos,Blenniidae,Blenny,PLANKTIVORE,0.0078,3,1
682,BLEN,Blenniidae,Blenniidae,Blenny,PLANKTIVORE,0.00218,3.90064,1
412,BOAN,Bodianus anthioides,Labridae,Wrasse,PLANKTIVORE,0.0201,2.9992,1
413,BOAX,Bodianus axillaris,Labridae,Wrasse,SECONDARY,0.0201,2.9992,1
470,BOBI,Bodianus bilunulatus,Labridae,Wrasse,SECONDARY,0.0146,3,1
414,BODI,Bodianus diana,Labridae,Wrasse,SECONDARY,0.0201,2.9992,1
415,BOLO,Bodianus loxozonus,Labridae,Wrasse,SECONDARY,0.0201,2.9992,1
416,BOME,Bodianus mesothorax,Labridae,Wrasse,SECONDARY,0.0201,2.9992,1
614,BOPR,Bodianus prognathus,Labridae,Wrasse,SECONDARY,0.0108,3.173,1
417,BOSA,Bodianus sanguineus,Labridae,Wrasse,SECONDARY,0.0201,2.9992,1
554,BOMU,Bolbometopon muricatum,Scaridae,Parrotfish,SECONDARY,0.0183,3.0421,1
630,BOMA,Bothus mancus,Bothidae,Flounder,SECONDARY,0.00981,3.189,1
685,BRMU,Brotula multibarbata,Ophidiidae,Cusk Eel,SECONDARY,9.00E-04,4.47,1
20,CACE,Caesio caerulaurea,Caesionidae,Fusilier,PLANKTIVORE,0.01996,2.99141,0.86
532,CALN,Caesio lunaris,Caesionidae,Fusilier,PLANKTIVORE,0.0195,3.0117,1
533,CATE,Caesio teres,Caesionidae,Fusilier,PLANKTIVORE,0.0195,3.0117,1
609,CACA,Calotomus carolinus,Scaridae,Parrotfish,PRIMARY,0.0122,3.167,1
375,CAZO,Calotomus zonarchus,Scaridae,Parrotfish,PRIMARY,0.0222,2.971,1
291,CADU,Cantherhines dumerilii,Monacanthidae,Filefish,SECONDARY,0.0406,2.792,1
580,CAPA,Cantherhines pardalis,Monacanthidae,Filefish,PRIMARY,0.017,3.07,1
647,CASA,Cantherhines sandwichiensis,Monacanthidae,Filefish,PRIMARY,0.007,3.262,1
648,CAVE,Cantherhines verecundus,Monacanthidae,Filefish,PRIMARY,0.007,3.262,1
350,CAAM,Canthigaster amboinensis,Tetraodontidae,Pufferfish,PRIMARY,0.0197,2.9174,1
305,CABE,Canthigaster bennetti,Tetraodontidae,Pufferfish,PRIMARY,0.0424,2.822,1
306,CACO,Canthigaster coronata,Tetraodontidae,Pufferfish,PRIMARY,0.0424,2.822,1
307,CAEP,Canthigaster epilampra,Tetraodontidae,Pufferfish,PRIMARY,0.0424,2.822,1
308,CAJA,Canthigaster jactator,Tetraodontidae,Pufferfish,PRIMARY,0.0424,2.822,1
309,CAJN,Canthigaster janthinoptera,Tetraodontidae,Pufferfish,PRIMARY,0.0424,2.822,1
310,CARI,Canthigaster rivulata,Tetraodontidae,Pufferfish,PRIMARY,0.0424,2.822,1
383,CASO,Canthigaster solandri,Tetraodontidae,Pufferfish,PRIMARY,0.02989,2.97881,1
355,CAVA,Canthigaster valentini,Tetraodontidae,Pufferfish,PRIMARY,0.03667,2.94319,1
520,CAMC,Caracanthus maculatus,Caracanthidae,Velvetfish,SECONDARY,0.0337,3,1
665,CATY,Caracanthus typicus,Caracanthidae,Velvetfish,SECONDARY,0.0089,3.323,1
57,JACK,Carangidae,Carangidae,Jack,PISCIVORE,0.00833,3.19724,0.89
18,CAFE,Carangoides ferdau,Carangidae,Jack,PISCIVORE,0.03683,2.85116,0.86
47,CAOR,Carangoides orthogrammus,Carangidae,Jack,PISCIVORE,0.01559,3.02562,0.89
43,CAIG,Caranx ignobilis,Carangidae,Jack,PISCIVORE,0.023,2.977,0.89
67,CALU,Caranx lugubris,Carangidae,Jack,PISCIVORE,0.0198,3.001,0.9
42,CAME,Caranx melampygus,Carangidae,Jack,PISCIVORE,0.02866,2.974,0.89
41,CAPP,Caranx papuensis,Carangidae,Jack,PISCIVORE,0.02354,2.923,0.8849558
91,CASE,Caranx sexfasciatus,Carangidae,Jack,PISCIVORE,0.0198,2.986,0.91
44,CASP,Caranx sp,Carangidae,Jack,PISCIVORE,0.01983,2.98605,0.89
16,CAAB,Carcharhinus amblyrhynchos,Carcharhinidae,Requiem,PISCIVORE,0.0023,3.373,0.85
17,CAGA,Carcharhinus galapagensis,Carcharhinidae,Requiem,PISCIVORE,0.0023,3.373,0.85
666,CAML,Carcharhinus melanopterus,Carcharhinidae,Requiem,PISCIVORE,0.00136,3.34,1
496,CEBC,Centropyge bicolor,Pomacanthidae,Angelfish,PRIMARY,0.0211,3,1
244,CEBI,Centropyge bispinosa,Pomacanthidae,Angelfish,PRIMARY,0.03787336,2.45798686,1
250,CEFI,Centropyge fisheri,Pomacanthidae,Angelfish,PRIMARY,0.0745,2.577,1
296,CEFL,Centropyge flavissima,Pomacanthidae,Angelfish,PRIMARY,0.0314,2.7995,1
251,CEFV,Centropyge flavissima x vroliki hybrid,Pomacanthidae,Angelfish,PRIMARY,0.0745,2.577,1
517,CEHE,Centropyge heraldi,Pomacanthidae,Angelfish,PRIMARY,0.0277,3,1
252,CEIN,Centropyge interruptus,Pomacanthidae,Angelfish,PRIMARY,0.0745,2.577,1
297,CELO,Centropyge loricula,Pomacanthidae,Angelfish,PRIMARY,0.0314,2.7995,1
253,CEML,Centropyge multicolor,Pomacanthidae,Angelfish,PRIMARY,0.0745,2.577,1
298,CEMU,Centropyge multifasciata,Pomacanthidae,Angelfish,SECONDARY,0.0314,2.7995,1
254,CEPO,Centropyge potteri,Pomacanthidae,Angelfish,PRIMARY,0.0745,2.577,1
255,CESH,Centropyge shepardi,Pomacanthidae,Angelfish,PRIMARY,0.0745,2.577,1
256,CEVR,Centropyge vrolikii,Pomacanthidae,Angelfish,PRIMARY,0.0745,2.577,1
628,CEAR,Cephalopholis argus,Serranidae,Grouper,PISCIVORE,0.00929,3.18074,1
473,CELE,Cephalopholis leopardus,Serranidae,Grouper,PISCIVORE,0.0149,3,1
590,CEMI,Cephalopholis miniata,Serranidae,Grouper,PISCIVORE,0.01066,3.1141,1
542,CESX,Cephalopholis sexmaculata,Serranidae,Grouper,PISCIVORE,0.0164,3.0303,1
654,CESO,Cephalopholis sonnerati,Serranidae,Grouper,PISCIVORE,0.00661,3.27655,1
629,CESS,Cephalopholis sp,Serranidae,Grouper,PISCIVORE,0.00929,3.18074,1
543,CESP,Cephalopholis spiloparaea,Serranidae,Grouper,PISCIVORE,0.0164,3.0303,1
304,CEUR,Cephalopholis urodeta,Serranidae,Grouper,PISCIVORE,0.02822,2.81775,1
481,CEOC,Cetoscarus ocellatus,Scaridae,Parrotfish,PRIMARY,0.0157,3,1
312,CHAU,Chaetodon auriga,Chaetodontidae,Butterflyfish,SECONDARY,0.0404,2.82943,1
330,CHBE,Chaetodon bennetti,Chaetodontidae,Butterflyfish,SECONDARY,0.03839,2.88508,1
315,CHCI,Chaetodon citrinellus,Chaetodontidae,Butterflyfish,SECONDARY,0.0353,2.83414,1
574,CHEP,Chaetodon ephippium,Chaetodontidae,Butterflyfish,SECONDARY,0.02249,3.06092,1
301,CHFL,Chaetodon flavocoronatus,Chaetodontidae,Butterflyfish,SECONDARY,0.045,2.814,1
391,CHFR,Chaetodon fremblii,Chaetodontidae,Butterflyfish,SECONDARY,0.0296,2.9895,1
388,CHKL,Chaetodon kleinii,Chaetodontidae,Butterflyfish,PLANKTIVORE,0.0296,2.9895,1
262,CHLI,Chaetodon lineolatus,Chaetodontidae,Butterflyfish,SECONDARY,0.06926,2.62151,1
392,CHLU,Chaetodon lunula,Chaetodontidae,Butterflyfish,SECONDARY,0.0296,2.9895,1
393,CHLT,Chaetodon lunulatus,Chaetodontidae,Butterflyfish,SECONDARY,0.0296,2.9895,1
562,CHML,Chaetodon melannotus,Chaetodontidae,Butterflyfish,SECONDARY,0.02669,3.0486,1
681,CHMR,Chaetodon mertensii,Chaetodontidae,Butterflyfish,PRIMARY,0.0043,3.79338,1
394,CHME,Chaetodon meyeri,Chaetodontidae,Butterflyfish,SECONDARY,0.0296,2.9895,1
389,CHMI,Chaetodon miliaris,Chaetodontidae,Butterflyfish,PLANKTIVORE,0.0296,2.9895,1
302,CHMU,Chaetodon multicinctus,Chaetodontidae,Butterflyfish,SECONDARY,0.045,2.814,1
395,CHOR,Chaetodon ornatissimus,Chaetodontidae,Butterflyfish,SECONDARY,0.0296,2.9895,1
656,CHPW,Chaetodon pelewensis,Chaetodontidae,Butterflyfish,SECONDARY,0.01533,3.29659,1
396,CHPU,Chaetodon punctatofasciatus,Chaetodontidae,Butterflyfish,SECONDARY,0.0296,2.9895,1
397,CHQU,Chaetodon quadrimaculatus,Chaetodontidae,Butterflyfish,SECONDARY,0.0296,2.9895,1
398,CHRA,Chaetodon rafflesii,Chaetodontidae,Butterflyfish,SECONDARY,0.0296,2.9895,1
399,CHRE,Chaetodon reticulatus,Chaetodontidae,Butterflyfish,SECONDARY,0.0296,2.9895,1
390,CHSE,Chaetodon semeion,Chaetodontidae,Butterflyfish,PRIMARY,0.0296,2.9895,1
303,CHTI,Chaetodon tinkeri,Chaetodontidae,Butterflyfish,SECONDARY,0.045,2.814,1
373,CHTR,Chaetodon trifascialis,Chaetodontidae,Butterflyfish,SECONDARY,0.02578,2.96908,1
327,CHUL,Chaetodon ulietensis,Chaetodontidae,Butterflyfish,SECONDARY,0.03114,2.87412,1
313,CHUN,Chaetodon unimaculatus,Chaetodontidae,Butterflyfish,SECONDARY,0.0533,2.83328,1
377,CHVG,Chaetodon vagabundus,Chaetodontidae,Butterflyfish,SECONDARY,0.02776,2.97346,1
400,BUTT,Chaetodontidae,Chaetodontidae,Butterflyfish,SECONDARY,0.0296,2.9895,1
12,CHCH,Chanos chanos,Chanidae,Milkfish,PRIMARY,0.00474,3.38911,0.84
404,CHCL,Cheilinus chlorourus,Labridae,Wrasse,SECONDARY,0.01972,2.99315,1
475,CHFA,Cheilinus fasciatus,Labridae,Wrasse,SECONDARY,0.0149,3,1
571,CHOX,Cheilinus oxycephalus,Labridae,Wrasse,SECONDARY,0.0155,3.058,1
563,CHEI,Cheilinus sp,Labridae,Wrasse,SECONDARY,0.015532,3.049364,1
572,CHTL,Cheilinus trilobatus,Labridae,Wrasse,SECONDARY,0.01623,3.05947,1
599,CHUD,Cheilinus undulatus,Labridae,Wrasse,SECONDARY,0.01131,3.1362,1
583,CHIN,Cheilio inermis,Labridae,Wrasse,SECONDARY,0.00349,3.08157,1
194,CHAR,Cheilodipterus artus,Apogonidae,Cardinalfish,SECONDARY,0.0038,3.59,0.96
151,CHMD,Cheilodipterus macrodon,Apogonidae,Cardinalfish,PISCIVORE,0.0054,3.4328,0.94
185,CHQN,Cheilodipterus quinquelineatus,Apogonidae,Cardinalfish,SECONDARY,0.01607,2.99923,0.96
164,CHSP,Cheilodipterus sp,Apogonidae,Cardinalfish,SECONDARY,0.01318,3.08477,0.95
234,GRTU,Chelonia mydas,Cheloniidae,Turtle,PRIMARY,0,0,1
236,TURT,Chelonia sp,Cheloniidae,Turtle,UNKNOWN,0,0,1
550,CHFN,Chlorurus frontalis,Scaridae,Parrotfish,PRIMARY,0.0224,3.0394,1
551,CHJA,Chlorurus japanensis,Scaridae,Parrotfish,PRIMARY,0.0224,3.0394,1
118,CHMC,Chlorurus microrhinos,Scaridae,Parrotfish,PRIMARY,0.0273,2.93,0.93
493,CHPE,Chlorurus perspicillatus,Scaridae,Parrotfish,PRIMARY,0.0204,3,1
374,CHSO,Chlorurus sordidus,Scaridae,Parrotfish,PRIMARY,0.02431,2.96931,1
199,CLSP,Chlorurus sp,Scaridae,Parrotfish,PRIMARY,0.0222,2.971,0.97
591,CHJO,Choerodon jordani,Labridae,Wrasse,SECONDARY,0.0151,3.122,1
507,CHAC,Chromis acares,Pomacentridae,Damselfish,PLANKTIVORE,0.0258,3,1
428,CHAG,Chromis agilis,Pomacentridae,Damselfish,PLANKTIVORE,0.0035,3,1
370,CHAL,Chromis alpha,Pomacentridae,Damselfish,PLANKTIVORE,0.0202,2.9595,1
510,CHAM,Chromis amboinensis,Pomacentridae,Damselfish,PRIMARY,0.0258,3,1
13,CHAP,Chromis atripectoralis,Pomacentridae,Damselfish,PLANKTIVORE,0.0179,3.291,0.8434783
29,CHCA,Chromis caudalis,Pomacentridae,Damselfish,PLANKTIVORE,0.0229,3.175,0.87
23,CHFU,Chromis fumea,Pomacentridae,Damselfish,PLANKTIVORE,0.0144,3.351,0.8695
56,CHHA,Chromis hanui,Pomacentridae,Damselfish,PLANKTIVORE,0.0229,3.175,0.89
84,CHIO,Chromis iomelas,Pomacentridae,Damselfish,PRIMARY,0.01505,3.38293,0.9
101,CHLE,Chromis lepidolepis,Pomacentridae,Damselfish,PLANKTIVORE,0.19498,1.9385,0.92
100,CHLC,Chromis leucura,Pomacentridae,Damselfish,PLANKTIVORE,0.0229,3.175,0.91
508,CHMA,Chromis margaritifer,Pomacentridae,Damselfish,PLANKTIVORE,0.0258,3,1
38,CHOV,Chromis ovalis,Pomacentridae,Damselfish,PLANKTIVORE,0.0229,3.175,0.88
39,CHTE,Chromis ternatensis,Pomacentridae,Damselfish,PLANKTIVORE,0.01597,3.408,0.88
509,CHVA,Chromis vanderbilti,Pomacentridae,Damselfish,PLANKTIVORE,0.0258,3,1
173,CHVE,Chromis verater,Pomacentridae,Damselfish,PLANKTIVORE,0.0229,3.175,0.95
89,CHVR,Chromis viridis,Pomacentridae,Damselfish,PLANKTIVORE,0.03507,2.89965,0.91
15,CHWE,Chromis weberi,Pomacentridae,Damselfish,PLANKTIVORE,0.0229,3.175,0.85
287,CHXA,Chromis xanthura,Pomacentridae,Damselfish,PLANKTIVORE,0.009,2.773,1
502,CHBI,Chrysiptera biocellata,Pomacentridae,Damselfish,PRIMARY,0.0239,3,1
365,CHBR,Chrysiptera brownriggii,Pomacentridae,Damselfish,PRIMARY,0.0294,2.95049999,1
364,CHCY,Chrysiptera cyanea,Pomacentridae,Damselfish,PLANKTIVORE,0.0294,2.95049999,1
499,CHGL,Chrysiptera glauca,Pomacentridae,Damselfish,PRIMARY,0.0217,3,1
202,CHTA,Chrysiptera taupou,Pomacentridae,Damselfish,PRIMARY,0.02199,3.00115,0.97
180,CHTY,Chrysiptera traceyi,Pomacentridae,Damselfish,PRIMARY,0.026,2.926,0.96
525,CIEX,Cirrhilabrus exquisitus,Labridae,Wrasse,PLANKTIVORE,0.014,3.0097,1
616,CIJO,Cirrhilabrus jordani,Labridae,Wrasse,PLANKTIVORE,0.0107,3.178,1
526,CIKA,Cirrhilabrus katherinae,Labridae,Wrasse,PLANKTIVORE,0.014,3.0097,1
536,CIPU,Cirrhilabrus punctatus,Labridae,Wrasse,SECONDARY,0.0138,3.018,1
527,CILB,Cirrhilabrus sp,Labridae,Wrasse,PLANKTIVORE,0.014,3.0097,1
381,CIFL,Cirrhitichthys falco,Cirrhitidae,Hawkfish,SECONDARY,0.0172,2.977,1
382,CIOX,Cirrhitichthys oxycephalus,Cirrhitidae,Hawkfish,SECONDARY,0.0172,2.977,1
594,HAWK,Cirrhitidae,Cirrhitidae,Hawkfish,SECONDARY,0.0165,3.1253,1
486,CIFA,Cirrhitops fasciatus,Cirrhitidae,Hawkfish,SECONDARY,0.017,3,1
653,CIHU,Cirrhitops hubbardi,Cirrhitidae,Hawkfish,SECONDARY,0.00929,3.268,1
497,CIPI,Cirrhitus pinnulatus,Cirrhitidae,Hawkfish,SECONDARY,0.0214,3,1
602,CIOB,Cirripectes obscurus,Blenniidae,Blenny,PRIMARY,0.013,3.15,1
423,CIPO,Cirripectes polyzona,Blenniidae,Blenny,PRIMARY,0.0021,3,1
601,CISP,Cirripectes sp,Blenniidae,Blenny,PRIMARY,0.01304,3.14966,1
405,CISR,Cirripectes springeri,Blenniidae,Blenny,PRIMARY,0.0061,2.9963,1
334,CIST,Cirripectes stigmaticus,Blenniidae,Blenny,PRIMARY,0.0207,2.906,1
406,CIVA,Cirripectes vanderbilti,Blenniidae,Blenny,PRIMARY,0.0061,2.9963,1
407,CIVR,Cirripectes variolosus,Blenniidae,Blenny,PRIMARY,0.0061,2.9963,1
379,CONG,Congridae,Congridae,Conger or Garden Eel,PISCIVORE,0.001695,2.975545,1
673,COAY,Coris aygula,Labridae,Wrasse,SECONDARY,0.00266,3.48857,1
640,COBA,Coris ballieui,Labridae,Wrasse,SECONDARY,0.0065,3.254,1
641,COCE,Coris centralis,Labridae,Wrasse,SECONDARY,0.0065,3.254,1
642,CODO,Coris dorsomacula,Labridae,Wrasse,SECONDARY,0.0065,3.254,1
522,COFL,Coris flavovittata,Labridae,Wrasse,SECONDARY,0.0352,3,1
452,COGA,Coris gaimard,Labridae,Wrasse,SECONDARY,0.0109,3,1
643,COVE,Coris venusta,Labridae,Wrasse,SECONDARY,0.0065,3.254,1
418,COFF,Corythoichthys flavofasciatus,Syngnathidae,Pipefishes and seahorses,PLANKTIVORE,0.001,3,1
88,CTBI,Ctenochaetus binotatus,Acanthuridae,Surgeonfish,PRIMARY,0.03916,2.87463,0.91
569,CTCY,Ctenochaetus cyanocheilus,Acanthuridae,Surgeonfish,PRIMARY,0.0233,3.0559,1
570,CTFL,Ctenochaetus flavicauda,Acanthuridae,Surgeonfish,PRIMARY,0.0233,3.0559,1
534,CTHA,Ctenochaetus hawaiiensis,Acanthuridae,Surgeonfish,PRIMARY,0.0162,3.0123,1
162,CTMA,Ctenochaetus marginatus,Acanthuridae,Surgeonfish,PRIMARY,0.0237,3.056,0.95
109,CTSP,Ctenochaetus sp,Acanthuridae,Surgeonfish,PRIMARY,0.02371,3.05581,0.92
98,CTSR,Ctenochaetus striatus,Acanthuridae,Surgeonfish,PRIMARY,0.02313,3.06347,0.91
500,CTST,Ctenochaetus strigosus,Acanthuridae,Surgeonfish,PRIMARY,0.022,3,1
617,CYLE,Cymolutes lecluse,Labridae,Wrasse,SECONDARY,0.0107,3.178,1
618,CYPR,Cymolutes praetextatus,Labridae,Wrasse,SECONDARY,0.0107,3.178,1
349,DAAL,Dascyllus albisella,Pomacentridae,Damselfish,PLANKTIVORE,0.0462,2.911,1
184,DAAR,Dascyllus aruanus,Pomacentridae,Damselfish,PLANKTIVORE,0.04151,2.98888,0.96
319,DAAU,Dascyllus auripinnis,Pomacentridae,Damselfish,PLANKTIVORE,0.0327,2.8561,1
171,DARE,Dascyllus reticulatus,Pomacentridae,Damselfish,PLANKTIVORE,0.03111,3.13271,0.95
219,DATR,Dascyllus trimaculatus,Pomacentridae,Damselfish,PLANKTIVORE,0.03132,3.04325,0.98
670,DASY,Dasyatidae,Dasyatidae,Stingray,SECONDARY,0.00937,3.35249,1
671,DALA,Dasyatis lata,Dasyatidae,Stingray,SECONDARY,0.00937,3.35249,1
600,DEMA,Decapterus macarellus,Carangidae,Jack,PLANKTIVORE,0.0078,3.14,1
237,DOLP,Delphinidae,Delphinidae,Dolphin,UNKNOWN,0,0,1
341,DEBA,Dendrochirus barberi,Scorpaenidae,Scorpionfish,SECONDARY,0.0246,2.908,1
289,DIHO,Diodon holocanthus,Diodontidae,Porcupinefish,SECONDARY,0.0678,2.784,1
245,DIHY,Diodon hystrix,Diodontidae,Porcupinefish,SECONDARY,0.19343,2.47179,1
683,DOEX,Doryrhamphus excisus excisus,Syngnathidae,Pipefishes and seahorses,PLANKTIVORE,4.00E-04,4.12,1
672,ECNA,Echeneis naucrates,Echeneidae,Remora,PLANKTIVORE,0.00075,3.35779,1
669,ECNE,Echidna nebulosa,Muraenidae,Moray,SECONDARY,0.00029,3.352,1
116,ECBC,Ecsenius bicolor,Blenniidae,Blenny,PLANKTIVORE,0.02391,2.58307,0.93
25,ECMI,Ecsenius midas,Blenniidae,Blenny,PLANKTIVORE,0.0239,2.584,0.87
243,ECOP,Ecsenius opsifrontalis,Blenniidae,Blenny,PLANKTIVORE,0.0307,2.451,1
1,ELBI,Elagatis bipinnulata,Carangidae,Jack,PISCIVORE,0.0135,2.92,0.77
335,ENPA,Enchelycore pardalis,Muraenidae,Moray,PISCIVORE,0.0246,2.908,1
260,ENCA,Enchelynassa canina,Muraenidae,Moray,PISCIVORE,0.0047,2.614,1
148,ENPU,Encrasicholina purpurea,Engraulidae,Anchovy,PLANKTIVORE,0.00929,3.314,0.94
131,EPIN,Epibulus insidiator,Labridae,Wrasse,SECONDARY,0.01614,3.08102,0.93
552,EPFA,Epinephelus fasciatus,Serranidae,Grouper,PISCIVORE,0.01383,3.04066,1
549,EPHE,Epinephelus hexagonatus,Serranidae,Grouper,PISCIVORE,0.0132,3.0372,1
411,EPHO,Epinephelus howlandi,Serranidae,Grouper,PISCIVORE,0.01525,2.99909,1
566,EPLA,Epinephelus lanceolatus,Serranidae,Grouper,PISCIVORE,0.0122,3.053,1
545,EPMC,Epinephelus macrospilos,Serranidae,Grouper,PISCIVORE,0.0132,3.03072,1
575,EPMA,Epinephelus maculatus,Serranidae,Grouper,PISCIVORE,0.01104,3.06197,1
482,EPML,Epinephelus melanostigma,Serranidae,Grouper,PISCIVORE,0.01629999,3,1
372,EPME,Epinephelus merra,Serranidae,Grouper,PISCIVORE,0.01584,2.96636,1
608,EPPO,Epinephelus polyphekadion,Serranidae,Grouper,PISCIVORE,0.00833,3.16576,1
490,EPQU,Epinephelus quernus,Serranidae,Grouper,PISCIVORE,0.0181,3,1
567,EPRE,Epinephelus retouti,Serranidae,Grouper,PISCIVORE,0.0122,3.053,1
568,EPSO,Epinephelus socialis,Serranidae,Grouper,PISCIVORE,0.0122,3.053,1
565,EPSP,Epinephelus sp,Serranidae,Grouper,PISCIVORE,0.01224,3.052669,1
667,EPSL,Epinephelus spilotoceps,Serranidae,Grouper,PISCIVORE,0.0041,3.346,1
369,EPTA,Epinephelus tauvina,Serranidae,Grouper,PISCIVORE,0.0156,2.957,1
589,EUAF,Euthynnus affinis,Scombridae,Tuna,PISCIVORE,0.03,3.109,1
385,EVSP,Eviota sp,Gobiidae,Goby,SECONDARY,0.012,2.986,1
401,EXBR,Exallias brevis,Blenniidae,Blenny,SECONDARY,0.0091,2.9904,1
561,FICO,Fistularia commersonii,Fistulariidae,Cornetfish,PISCIVORE,5.00E-04,3.048,1
457,FOFL,Forcipiger flavissimus,Chaetodontidae,Butterflyfish,SECONDARY,0.0125,3,1
463,FOLO,Forcipiger longirostris,Chaetodontidae,Butterflyfish,SECONDARY,0.0138,3,1
540,FUDU,Fusigobius duospilus,Gobiidae,Goby,SECONDARY,0.0096,3.0187,1
195,GEPE,Genicanthus personatus,Pomacanthidae,Angelfish,PLANKTIVORE,0.0669,2.724,0.97
4,GEWA,Genicanthus watanabei,Pomacanthidae,Angelfish,PLANKTIVORE,0.0669,2.724,0.78
97,GNAU,Gnathodentex aureolineatus,Lethrinidae,Emperor,SECONDARY,0.02695338,3.06254326,0.91
263,GOBI,Gobiidae,Gobiidae,Goby,SECONDARY,0.02639,2.62257,1
242,GOCI,Gobiodon citrinus,Gobiidae,Goby,SECONDARY,0.0577,2.439,1
276,GOVA,Gomphosus varius,Labridae,Wrasse,SECONDARY,0.02437,2.70269,1
95,GOVI,Goniistius vittatus,Cheilodactylidae,Morwong,SECONDARY,0.0237,3.056,0.91
523,GRAL,Gracila albomarginata,Serranidae,Grouper,PISCIVORE,0.0152,3.0063,1
432,GRBI,Grammatorcynus bilineatus,Scombridae,Mackerel,PISCIVORE,0.0065,3,1
494,GRSE,Grammistes sexlineatus,Serranidae,Grouper,SECONDARY,0.0205,3,1
635,GUCU,Gunnellichthys curiosus,Microdesmidae,Wormfish,PLANKTIVORE,0.0059,3.231,1
660,GYZE,Gymnomuraena zebra,Muraenidae,Moray,SECONDARY,5.00E-04,3.303,1
50,GYUC,Gymnosarda unicolor,Scombridae,Tuna,PISCIVORE,0.0105,3.065,0.89
657,GYBR,Gymnothorax breedeni,Muraenidae,Moray,PISCIVORE,5.00E-04,3.303,1
661,GYEU,Gymnothorax eurostus,Muraenidae,Moray,SECONDARY,5.00E-04,3.303,1
668,GYFL,Gymnothorax flavimarginatus,Muraenidae,Moray,PISCIVORE,4.00E-04,3.35,1
658,GYJA,Gymnothorax javanicus,Muraenidae,Moray,PISCIVORE,5.00E-04,3.303,1
419,GYMT,Gymnothorax melatremus,Muraenidae,Moray,SECONDARY,0.0013,3,1
422,GYME,Gymnothorax meleagris,Muraenidae,Moray,PISCIVORE,0.0021,3,1
662,GYRU,Gymnothorax rueppellii,Muraenidae,Moray,SECONDARY,5.00E-04,3.303,1
663,GYSP,Gymnothorax sp,Muraenidae,Moray,PISCIVORE,0.00052,3.30314,1
659,GYST,Gymnothorax steindachneri,Muraenidae,Moray,PISCIVORE,5.00E-04,3.303,1
420,GYUN,Gymnothorax undulatus,Muraenidae,Moray,PISCIVORE,0.0016,3,1
472,HABI,Halichoeres biocellatus,Labridae,Wrasse,SECONDARY,0.0148,3,1
386,HACH,Halichoeres chrysus,Labridae,Wrasse,SECONDARY,0.016,2.987,1
576,HAHO,Halichoeres hortulanus,Labridae,Wrasse,SECONDARY,0.0119,3.064,1
451,HAMT,Halichoeres margaritaceus,Labridae,Wrasse,SECONDARY,0.0106,3,1
459,HAMA,Halichoeres marginatus,Labridae,Wrasse,SECONDARY,0.013,3,1
646,HAML,Halichoeres melanurus,Labridae,Wrasse,SECONDARY,0.00931,3.2615,1
578,HAME,Halichoeres melasmapomus,Labridae,Wrasse,SECONDARY,0.0126,3.0673,1
462,HAOR,Halichoeres ornatissimus,Labridae,Wrasse,SECONDARY,0.0133,3,1
579,HAPR,Halichoeres prosopeion,Labridae,Wrasse,SECONDARY,0.0126,3.0673,1
387,HASP,Halichoeres sp,Labridae,Wrasse,SECONDARY,0.01601,2.98742,1
283,HATR,Halichoeres trimaculatus,Labridae,Wrasse,SECONDARY,0.02749,2.73584,1
487,HEFA,Hemigymnus fasciatus,Labridae,Wrasse,SECONDARY,0.0171,3,1
351,HEME,Hemigymnus melapterus,Labridae,Wrasse,SECONDARY,0.02423,2.92262,1
152,HALF,Hemiramphidae,Hemiramphidae,Halfbeak,PLANKTIVORE,7.00E-04,3.575,0.94
512,HEPO,Hemitaurichthys polylepis,Chaetodontidae,Butterflyfish,PLANKTIVORE,0.0265,3,1
521,HETH,Hemitaurichthys thompsoni,Chaetodontidae,Butterflyfish,PLANKTIVORE,0.0342,3,1
587,HEAC,Heniochus acuminatus,Chaetodontidae,Butterflyfish,PLANKTIVORE,0.0247,3.1058,1
651,HECH,Heniochus chrysostomus,Chaetodontidae,Butterflyfish,SECONDARY,0.01612999,3.26217,1
584,HEDI,Heniochus diphreutes,Chaetodontidae,Butterflyfish,PLANKTIVORE,0.0252,3.082,1
632,HEMO,Heniochus monoceros,Chaetodontidae,Butterflyfish,SECONDARY,0.017,3.21058,1
519,HESI,Heniochus singularius,Chaetodontidae,Butterflyfish,SECONDARY,0.0301,3,1
506,HEVA,Heniochus varius,Chaetodontidae,Butterflyfish,SECONDARY,0.025,3,1
380,GARD,Heterocongrinae,Congridae,Conger or Garden Eel,PISCIVORE,0.001695,2.975545,1
311,HECR,Heteropriacanthus cruentatus,Priacanthidae,Bigeye,PLANKTIVORE,0.02793,2.82313,1
427,HIFA,Himantura fai,Dasyatidae,Stingray,SECONDARY,0.003,3,1
491,HILO,Hipposcarus longiceps,Scaridae,Parrotfish,PRIMARY,0.0198,3,1
96,SOLD,Holocentridae,Holocentridae,Soldierfish,SECONDARY,0.0222,3.05893,0.91
232,HOAN,Hologymnosus annulatus,Labridae,Wrasse,SECONDARY,0.0065,3.25441,0.99
528,HODO,Hologymnosus doliatus,Labridae,Wrasse,SECONDARY,0.014,3.0097,1
429,HOST,Hoplolatilus starcki,Malacanthidae,Tilefish,SECONDARY,0.0049,3,1
153,HYAC,Hyporhamphus acutus acutus,Hemiramphidae,Halfbeak,PLANKTIVORE,7.00E-04,3.575,0.94
619,INAN,Iniistius aneitensis,Labridae,Wrasse,SECONDARY,0.0107,3.178,1
620,INPA,Iniistius pavo,Labridae,Wrasse,SECONDARY,0.0107,3.178,1
621,INUM,Iniistius umbrilatus,Labridae,Wrasse,SECONDARY,0.0107,3.178,1
273,ISDE,Istigobius decoratus,Gobiidae,Goby,SECONDARY,0.0227,2.686,1
288,ISSP,Istigobius sp,Gobiidae,Goby,PLANKTIVORE,0.01831,2.7822,1
123,KUSA,Kuhlia sandvicensis,Kuhliidae,Aholehole,PLANKTIVORE,0.016,3.034,0.93
320,KYCI,Kyphosus cinerascens,Kyphosidae,Chub,PRIMARY,0.0275,2.86,1
321,KYHA,Kyphosus hawaiiensis,Kyphosidae,Chub,PRIMARY,0.0275,2.86,1
322,KYPA,Kyphosus pacificus,Kyphosidae,Chub,PRIMARY,0.0275,2.86,1
323,KYSA,Kyphosus sandwicensis,Kyphosidae,Chub,PRIMARY,0.0275,2.86,1
172,CHUB,Kyphosus sp,Kyphosidae,Chub,PRIMARY,0.01285,3.15059,0.95
161,KYVA,Kyphosus vaigiensis,Kyphosidae,Chub,PRIMARY,0.01998,3.03696,0.95
476,LAUN,Labrichthys unilineatus,Labridae,Wrasse,SECONDARY,0.015,3,1
229,WRAS,Labridae,Labridae,Wrasse,SECONDARY,0.01067,3.17765,0.99
611,LABI,Labroides bicolor,Labridae,Wrasse,SECONDARY,0.0058,3.171,1
633,LADI,Labroides dimidiatus,Labridae,Wrasse,SECONDARY,0.00585,3.23093,1
612,LAPE,Labroides pectoralis,Labridae,Wrasse,SECONDARY,0.0058,3.171,1
636,LAPH,Labroides phthirophagus,Labridae,Wrasse,SECONDARY,0.0059,3.231,1
613,LARU,Labroides rubrolabiatus,Labridae,Wrasse,SECONDARY,0.0058,3.171,1
586,LAXA,Labropsis xanthonota,Labridae,Wrasse,SECONDARY,0.0076,3.105,1
239,LAFO,Lactoria fornasini,Ostraciidae,Boxfish,SECONDARY,0.4029,1.928,1
447,LETA,Lepidozygus tapeinosoma,Pomacentridae,Damselfish,PLANKTIVORE,0.00959,3,1
124,EMPE,Lethrinidae,Lethrinidae,Emperor,SECONDARY,0.01693,3.04011,0.93
73,LEAM,Lethrinus amboinensis,Lethrinidae,Emperor,SECONDARY,0.0165,3.043,0.9
179,LEER,Lethrinus erythracanthus,Lethrinidae,Emperor,SECONDARY,0.0165,3.043,0.959
125,LEHA,Lethrinus harak,Lethrinidae,Emperor,SECONDARY,0.01701,3.04226,0.93
203,LEOB,Lethrinus obsoletus,Lethrinidae,Emperor,SECONDARY,0.01733,3.02583,0.97
196,LEOL,Lethrinus olivaceus,Lethrinidae,Emperor,PISCIVORE,0.02936,2.85064,0.97
99,LERU,Lethrinus rubrioperculatus,Lethrinidae,Emperor,SECONDARY,0.01279,3.10807,0.91
126,LETH,Lethrinus sp,Lethrinidae,Emperor,SECONDARY,0.0165,3.04343,0.93
137,LEXA,Lethrinus xanthochilus,Lethrinidae,Emperor,PISCIVORE,0.02007,2.9639,0.94
187,LUBO,Lutjanus bohar,Lutjanidae,Snapper,PISCIVORE,0.01563,3.05865,0.96
183,LUFU,Lutjanus fulvus,Lutjanidae,Snapper,SECONDARY,0.02106,2.97433,0.96
54,LUGI,Lutjanus gibbus,Lutjanidae,Snapper,SECONDARY,0.01309,3.13752,0.89
175,LUKA,Lutjanus kasmira,Lutjanidae,Snapper,SECONDARY,0.00842,3.24696,0.95
216,LUMO,Lutjanus monostigma,Lutjanidae,Snapper,PISCIVORE,0.02218,2.91252,0.98
226,LUSE,Lutjanus semicinctus,Lutjanidae,Snapper,PISCIVORE,0.00398,3.42802,0.98
444,LUWH,Luzonichthys whitleyi,Serranidae,Anthias,PLANKTIVORE,0.00959,3,1
467,MAMA,Macolor macularis,Lutjanidae,Snapper,PLANKTIVORE,0.0145,3,1
468,MANI,Macolor niger,Lutjanidae,Snapper,PLANKTIVORE,0.0145,3,1
469,MACO,Macolor sp,Lutjanidae,Snapper,PLANKTIVORE,0.0145,3,1
622,MAGE,Macropharyngodon geoffroy,Labridae,Wrasse,SECONDARY,0.0107,3.178,1
495,MAME,Macropharyngodon meleagris,Labridae,Wrasse,SECONDARY,0.0205,3,1
623,MANE,Macropharyngodon negrosensis,Labridae,Wrasse,SECONDARY,0.0107,3.178,1
430,MABR,Malacanthus brevirostris,Malacanthidae,Tilefish,SECONDARY,0.0049,3,1
329,MALA,Malacanthus latovittatus,Malacanthidae,Tilefish,SECONDARY,0.01,2.8763,1
483,MABI,Manta birostris,Myliobatidae,Manta Ray,PLANKTIVORE,0.0164,3,1
433,MEAT,Meiacanthus atrodorsalis,Blenniidae,Blenny,PLANKTIVORE,0.0074,3,1
677,MENI,Melichthys niger,Balistidae,Triggerfish,PLANKTIVORE,0.0058,3.554,1
678,MEVI,Melichthys vidua,Balistidae,Triggerfish,PRIMARY,0.0058,3.554,1
441,DART,Microdesmidae,Microdesmidae,Wormfish,PLANKTIVORE,0.0091,3,1
581,FILE,Monacanthidae,Monacanthidae,Filefish,PRIMARY,0.017,3.07,1
235,MONK,Monachus schauinslandi,Phocidae,Monk Seal,UNKNOWN,0,0,1
46,MOGR,Monotaxis grandoculis,Lethrinidae,Emperor,SECONDARY,0.02296,3.02223,0.89
83,GOAT,Mullidae,Mullidae,Goatfish,SECONDARY,0.00743,3.29344,0.9
573,MUFL,Mulloidichthys flavolineatus,Mullidae,Goatfish,SECONDARY,0.0089,3.0602,1
114,MUMI,Mulloidichthys mimicus,Mullidae,Goatfish,SECONDARY,0.0074,3.293,0.92
564,MUPF,Mulloidichthys pfluegeri,Mullidae,Goatfish,SECONDARY,0.0126,3.0494,1
535,MUVA,Mulloidichthys vanicolensis,Mullidae,Goatfish,SECONDARY,0.0099,3.015,1
259,MORA,Muraenidae,Muraenidae,Moray,PISCIVORE,0.00465,2.61351,1
421,MYMA,Myrichthys magnificus,Ophichthidae,Worm or Snake Eel,SECONDARY,0.002,3,1
48,MYSP,Myripristinae,Holocentridae,Soldierfish,PLANKTIVORE,0.02762,3.03041,0.89
553,MYAD,Myripristis adusta,Holocentridae,Soldierfish,PLANKTIVORE,0.0249,3.0416,1
58,MYAM,Myripristis amaena,Holocentridae,Soldierfish,PLANKTIVORE,0.01576,3.26114,0.89
107,MYBE,Myripristis berndti,Holocentridae,Soldierfish,PLANKTIVORE,0.02769,3.00336,0.92
70,MYCH,Myripristis chryseres,Holocentridae,Soldierfish,PLANKTIVORE,0.0276,3.03,0.9
108,MYEA,Myripristis earlei,Holocentridae,Soldierfish,SECONDARY,0.02769,3.00336,0.92
40,MYKU,Myripristis kuntee,Holocentridae,Soldierfish,PLANKTIVORE,0.00991,3.46765,0.88
71,MYMU,Myripristis murdjan,Holocentridae,Soldierfish,PLANKTIVORE,0.0276,3.03,0.9
85,MYVL,Myripristis violacea,Holocentridae,Soldierfish,SECONDARY,0.0364,2.94,0.905
34,MYVI,Myripristis vittata,Holocentridae,Soldierfish,PLANKTIVORE,0.0276,3.03,0.88
474,MYWO,Myripristis woodsi,Holocentridae,Soldierfish,PLANKTIVORE,0.0149,3,1
157,NAAN,Naso annulatus,Acanthuridae,Surgeonfish,PLANKTIVORE,0.05103,2.71537,0.95
72,NABH,Naso brachycentron,Acanthuridae,Surgeonfish,PRIMARY,0.02656209,3.0354541,0.9
637,NABR,Naso brevirostris,Acanthuridae,Surgeonfish,PLANKTIVORE,0.01065,3.24297,1
331,NACA,Naso caesius,Acanthuridae,Surgeonfish,PLANKTIVORE,0.03259999,2.9029,1
32,NAHE,Naso hexacanthus,Acanthuridae,Surgeonfish,PLANKTIVORE,0.04244108,2.854,0.88
210,NALI,Naso lituratus,Acanthuridae,Surgeonfish,PRIMARY,0.0085,3.25,0.97
332,NALO,Naso lopezi,Acanthuridae,Surgeonfish,PLANKTIVORE,0.03259999,2.9029,1
136,NAMA,Naso maculatus,Acanthuridae,Surgeonfish,PLANKTIVORE,0.0202,2.956,0.94
176,NASP,Naso sp,Acanthuridae,Surgeonfish,PLANKTIVORE,0.00848,3.24964,0.95
333,NATH,Naso thynnoides,Acanthuridae,Surgeonfish,PRIMARY,0.03259999,2.9029,1
639,NATO,Naso tonganus,Acanthuridae,Surgeonfish,PRIMARY,0.0085,3.25,1
186,NAUN,Naso unicornis,Acanthuridae,Surgeonfish,PRIMARY,0.01788,3.03545,0.96
638,NAVL,Naso vlamingii,Acanthuridae,Surgeonfish,PLANKTIVORE,0.0085,3.25,1
5,NEFE,Nebrius ferrugineus,Ginglymostomatidae,Nurse,PISCIVORE,0.001,3.566,0.782
436,NEHE,Nemateleotris helfrichi,Microdesmidae,Dartfish,PLANKTIVORE,0.0091,3,1
437,NEMA,Nemateleotris magnifica,Microdesmidae,Dartfish,PLANKTIVORE,0.0091,3,1
595,NEAR,Neocirrhites armatus,Cirrhitidae,Hawkfish,SECONDARY,0.0165,3.1253,1
102,NEAG,Neoniphon argenteus,Holocentridae,Soldierfish,SECONDARY,0.031649,2.82326,0.92
61,NEAU,Neoniphon aurolineatus,Holocentridae,Soldierfish,SECONDARY,0.0288,2.867,0.9
442,NEOP,Neoniphon opercularis,Holocentridae,Soldierfish,SECONDARY,0.0094,3,1
103,NESA,Neoniphon sammara,Holocentridae,Soldierfish,SECONDARY,0.02762,2.88835,0.92
87,NESP,Neoniphon sp,Holocentridae,Soldierfish,SECONDARY,0.02879,2.86715,0.91
9,NEME,Neopomacentrus metallicus,Pomacentridae,Damselfish,PLANKTIVORE,0.0258,2.933,0.84
238,NONE,no individuals seen,UNKNOWN,UNKNOWN,UNKNOWN,0,1,1
345,NOTA,Novaculichthys taeniourus,Labridae,Wrasse,SECONDARY,0.013,2.91,1
454,ODNI,Odonus niger,Balistidae,Triggerfish,PLANKTIVORE,0.0119,3,1
513,OPFA,Oplegnathus fasciatus,Oplegnathidae,Knifejaw,SECONDARY,0.0266,3,1
492,OPPU,Oplegnathus punctatus,Oplegnathidae,Knifejaw,SECONDARY,0.0203,3,1
249,BOXF,Ostraciidae,Ostraciidae,Boxfish,SECONDARY,0.08532,2.5766,1
247,OSCU,Ostracion cubicus,Ostraciidae,Boxfish,PRIMARY,0.128819,2.51949,1
248,OSME,Ostracion meleagris,Ostraciidae,Boxfish,SECONDARY,0.1141,2.5537,1
246,OSWH,Ostracion whitleyi,Ostraciidae,Boxfish,SECONDARY,0.1288,2.519,1
240,OXBI,Oxycheilinus bimaculatus,Labridae,Wrasse,SECONDARY,0.093,2.168,1
465,OXDI,Oxycheilinus digramma,Labridae,Wrasse,PISCIVORE,0.0145,3,1
285,OXSP,Oxycheilinus sp,Labridae,Wrasse,SECONDARY,0.037323,2.7537,1
485,OXUN,Oxycheilinus unifasciatus,Labridae,Wrasse,PISCIVORE,0.01689,3,1
211,OXTY,Oxycirrhites typus,Cirrhitidae,Hawkfish,PLANKTIVORE,0.00929,3.268,0.97
460,OXLO,Oxymonacanthus longirostris,Monacanthidae,Filefish,SECONDARY,0.0132,3,1
220,PAHP,Paracanthurus hepatus,Acanthuridae,Surgeonfish,PLANKTIVORE,0.0237,3.056,0.98
596,PAAR,Paracirrhites arcatus,Cirrhitidae,Hawkfish,SECONDARY,0.0165,3.1253,1
592,PAFO,Paracirrhites forsteri,Cirrhitidae,Hawkfish,PISCIVORE,0.0165,3.1253,1
593,PAHE,Paracirrhites hemistictus,Cirrhitidae,Hawkfish,PISCIVORE,0.0165,3.1253,1
597,PAXA,Paracirrhites xanthus,Cirrhitidae,Hawkfish,SECONDARY,0.0165,3.1253,1
649,PAPR,Paraluteres prionurus,Monacanthidae,Filefish,SECONDARY,0.007,3.262,1
559,PACL,Parapercis clathrata,Pinguipedidae,Sandperch,SECONDARY,0.0102,3.0463,1
560,PAMI,Parapercis millepunctata,Pinguipedidae,Sandperch,SECONDARY,0.0102,3.0463,1
182,PASC,Parapercis schauinslandii,Pinguipedidae,Sandperch,SECONDARY,0.0133,2.943,0.96
181,SNDP,Parapercis sp,Pinguipedidae,Sandperch,SECONDARY,0.01331,2.94268,0.96
76,PABA,Parupeneus barberinus,Mullidae,Goatfish,SECONDARY,0.01307,3.12248999,0.9
80,PACH,Parupeneus chrysonemus,Mullidae,Goatfish,SECONDARY,0.01136,3.21082,0.9
77,PACR,Parupeneus crassilabris,Mullidae,Goatfish,SECONDARY,0.0145,3.13,0.9
456,PACY,Parupeneus cyclostomus,Mullidae,Goatfish,PISCIVORE,0.0124,3,1
577,PAIN,Parupeneus insularis,Mullidae,Goatfish,SECONDARY,0.0135,3.0671,1
81,PAMU,Parupeneus multifasciatus,Mullidae,Goatfish,SECONDARY,0.01136,3.21082,0.9
455,PAPL,Parupeneus pleurostigma,Mullidae,Goatfish,SECONDARY,0.0119,3,1
479,PAPO,Parupeneus porphyreus,Mullidae,Goatfish,SECONDARY,0.0153,3,1
160,SWEE,Pempheridae,Pempheridae,Sweeper,PLANKTIVORE,0.0144,3.03,0.95
461,PEOU,Pempheris oualensis,Pempheridae,Sweeper,PLANKTIVORE,0.0133,3,1
68,PECA,Pentapodus caninus,Nemipteridae,Threadfin,SECONDARY,0.0171,3.004,0.9
358,PEAS,Pervagor aspricaudus,Monacanthidae,Filefish,SECONDARY,0.025,2.946,1
650,PEJA,Pervagor janthinosoma,Monacanthidae,Filefish,SECONDARY,0.007,3.262,1
359,PEMA,Pervagor marginalis,Monacanthidae,Filefish,SECONDARY,0.025,2.946,1
360,PEME,Pervagor melanocephalus,Monacanthidae,Filefish,SECONDARY,0.025,2.946,1
361,PERV,Pervagor sp,Monacanthidae,Filefish,SECONDARY,0.025,2.946,1
362,PESP,Pervagor spilosoma,Monacanthidae,Filefish,SECONDARY,0.025,2.946,1
178,PLEW,Plagiotremus ewaensis,Blenniidae,Blenny,SECONDARY,0.0018,3.581,0.95
227,PLGO,Plagiotremus goslinei,Blenniidae,Blenny,SECONDARY,0.0018,3.581,0.98
31,PLLD,Plagiotremus laudandus laudandus,Blenniidae,Blenny,SECONDARY,0.0018,3.581,0.87
155,PLRH,Plagiotremus rhinorhynchos,Blenniidae,Blenny,SECONDARY,0.0012,3.792,0.94
215,PLTA,Plagiotremus tapeinosoma,Blenniidae,Blenny,SECONDARY,0.00566,2.90832,0.98
366,PLOR,Platax orbicularis,Ephippidae,Spadefish,SECONDARY,0.0443,2.951,1
378,PLTE,Platax teira,Ephippidae,Spadefish,SECONDARY,0.0425,2.975,1
222,PLAR,Platybelone argalus,Belonidae,Needlefish,PISCIVORE,0.0011,3.101,0.98
363,PLAB,Plectorhinchus albovittatus,Haemulidae,Grunt,SECONDARY,0.0209,2.9474,1
371,PLGI,Plectorhinchus gibbosus,Haemulidae,Grunt,SECONDARY,0.02261,2.961959,1
188,PLPI,Plectorhinchus picus,Haemulidae,Grunt,SECONDARY,0.01151,3.08892,0.96
541,PLVI,Plectorhinchus vittatus,Haemulidae,Grunt,SECONDARY,0.0144,3.03,1
284,PLDI,Plectroglyphidodon dickii,Pomacentridae,Damselfish,SECONDARY,0.0612,2.747,1
275,PLIM,Plectroglyphidodon imparipennis,Pomacentridae,Damselfish,SECONDARY,0.0612,2.691,1
268,PLJO,Plectroglyphidodon johnstonianus,Pomacentridae,Damselfish,SECONDARY,0.0612,2.635,1
267,PLLA,Plectroglyphidodon lacrymatus,Pomacentridae,Damselfish,PLANKTIVORE,0.0612,2.635,1
104,PLLE,Plectroglyphidodon leucozonus,Pomacentridae,Damselfish,PRIMARY,0.0297,2.936,0.92
274,PLPH,Plectroglyphidodon phoenixensis,Pomacentridae,Damselfish,PRIMARY,0.0612,2.691,1
64,PLSI,Plectroglyphidodon sindonis,Pomacentridae,Damselfish,PRIMARY,0.0297,2.936,0.9
585,PLAL,Plectropomus areolatus,Serranidae,Grouper,PISCIVORE,0.0107,3.086,1
209,PLLV,Plectropomus laevis,Serranidae,Grouper,PISCIVORE,0.00591,3.23774,0.97
524,POPU,Pogonoperca punctata,Serranidae,Grouper,PISCIVORE,0.0152,3.0063,1
7,POSE,Polydactylus sexfilis,Polynemidae,Threadfin,SECONDARY,0.0135,3.117,0.82
515,POIM,Pomacanthus imperator,Pomacanthidae,Angelfish,SECONDARY,0.0276,3,1
111,DAMS,Pomacentridae,Pomacentridae,Damselfish,SECONDARY,0.02091,3.1908,0.92
664,POBR,Pomacentrus brachialis,Pomacentridae,Damselfish,PLANKTIVORE,0.0066,3.312,1
266,POCO,Pomacentrus coelestis,Pomacentridae,Damselfish,PLANKTIVORE,0.037,2.63,1
19,POPA,Pomacentrus pavo,Pomacentridae,Damselfish,PLANKTIVORE,0.02518,2.97153,0.86
156,POPH,Pomacentrus philippinus,Pomacentridae,Damselfish,PLANKTIVORE,0.0231,3.058,0.945
158,POVA,Pomacentrus vaiuli,Pomacentridae,Damselfish,PLANKTIVORE,0.0472,2.77525,0.95
113,POGU,Pomachromis guamensis,Pomacentridae,Damselfish,PLANKTIVORE,0.0209,3.191,0.92
92,PORI,Pomachromis richardsoni,Pomacentridae,Damselfish,PLANKTIVORE,0.028,3.024,0.91
300,PRHA,Priacanthus hamrur,Priacanthidae,Bigeye,PLANKTIVORE,0.03,2.801,1
214,PRME,Priacanthus meeki,Priacanthidae,Bigeye,PLANKTIVORE,0.0294,2.8069,0.98
228,BIGE,Priacanthus sp,Priacanthidae,Bigeye,PLANKTIVORE,0.02939,2.80679,0.99
142,PROL,Pristilepis oligolepis,Holocentridae,Soldierfish,PLANKTIVORE,0.0276,3.03,0.94
445,PSBA,Pseudanthias bartlettorum,Serranidae,Anthias,PLANKTIVORE,0.00959,3,1
10,PSBI,Pseudanthias bicolor,Serranidae,Anthias,PLANKTIVORE,0.0155,3.121,0.84
52,PSCO,Pseudanthias cooperi,Serranidae,Anthias,PLANKTIVORE,0.0155,3.121,0.89
408,PSDI,Pseudanthias dispar,Serranidae,Anthias,PLANKTIVORE,0.0177,2.9969,1
409,PSOL,Pseudanthias olivaceus,Serranidae,Anthias,PLANKTIVORE,0.0177,2.9969,1
446,PSPA,Pseudanthias pascalus,Serranidae,Anthias,PLANKTIVORE,0.00959,3,1
14,PSTH,Pseudanthias thompsoni,Serranidae,Anthias,PLANKTIVORE,0.0155,3.121,0.85
112,PSHW,Pseudanthias ventralis hawaiiensis,Serranidae,Anthias,PLANKTIVORE,0.0209,3.191,0.92
258,PSFL,Pseudobalistes flavimarginatus,Balistidae,Triggerfish,SECONDARY,0.1297,2.6061,1
135,PSFU,Pseudobalistes fuscus,Balistidae,Triggerfish,SECONDARY,0.07255,2.76028,0.94
62,PSDE,Pseudocaranx dentex,Carangidae,Jack,PISCIVORE,0.0271,2.88598,0.9
674,PSEV,Pseudocheilinus evanidus,Labridae,Wrasse,SECONDARY,0.0049,3.51,1
484,PSHE,Pseudocheilinus hexataenia,Labridae,Wrasse,SECONDARY,0.0167,3,1
624,PSOT,Pseudocheilinus ocellatus,Labridae,Wrasse,SECONDARY,0.0107,3.178,1
605,PSOC,Pseudocheilinus octotaenia,Labridae,Wrasse,SECONDARY,0.0138,3.1563,1
606,PSTE,Pseudocheilinus tetrataenia,Labridae,Wrasse,SECONDARY,0.0138,3.1563,1
610,DOTT,Pseudochromis sp,Pseudochromidae,Dottyback,SECONDARY,0.00956,3.16714,1
208,PSAU,Pseudocoris aurantiofasciata,Labridae,Wrasse,SECONDARY,0.0107,3.178,0.97
231,PSHT,Pseudocoris heteroptera,Labridae,Wrasse,SECONDARY,0.0107,3.178,0.99
230,PSYA,Pseudocoris yamashiroi,Labridae,Wrasse,PLANKTIVORE,0.0107,3.178,0.99
529,PSMO,Pseudodax moluccanus,Labridae,Wrasse,SECONDARY,0.014,3.0097,1
625,PSAT,Pseudojuloides atavai,Labridae,Wrasse,SECONDARY,0.0107,3.178,1
626,PSCE,Pseudojuloides cerasinus,Labridae,Wrasse,SECONDARY,0.0107,3.178,1
627,PSSP,Pseudojuloides sp,Labridae,Wrasse,SECONDARY,0.0107,3.178,1
265,PSMA,Psilogobius mainlandi,Gobiidae,Goby,SECONDARY,0.0264,2.623,1
537,PTCR,Pteragogus cryptus,Labridae,Wrasse,SECONDARY,0.0138,3.018,1
538,PTEN,Pteragogus enneacanthus,Labridae,Wrasse,SECONDARY,0.0138,3.018,1
438,PTEV,Ptereleotris evides,Ptereleotridae,Dartfish,PLANKTIVORE,0.0091,3,1
439,PTHE,Ptereleotris heteroptera,Ptereleotridae,Dartfish,PLANKTIVORE,0.0091,3,1
225,PTMI,Ptereleotris microlepis,Ptereleotridae,Dartfish,PLANKTIVORE,0.0059,3.231,0.98
440,PTZE,Ptereleotris zebra,Ptereleotridae,Dartfish,PLANKTIVORE,0.0091,3,1
603,PTMA,Pterocaesio marri,Caesionidae,Fusilier,PLANKTIVORE,0.0101,3.152,1
453,PTTI,Pterocaesio tile,Caesionidae,Fusilier,PLANKTIVORE,0.0112,3,1
30,PTTR,Pterocaesio trilineata,Caesionidae,Fusilier,PLANKTIVORE,0.01065,3.17784,0.87
531,PTAN,Pterois antennata,Scorpaenidae,Scorpionfish,SECONDARY,0.0189,3.011,1
336,PTSP,Pterois sphex,Scorpaenidae,Scorpionfish,PISCIVORE,0.0246,2.908,1
530,PTVO,Pterois volitans,Scorpaenidae,Scorpionfish,PISCIVORE,0.0189,3.011,1
516,PYDI,Pygoplites diacanthus,Pomacanthidae,Angelfish,SECONDARY,0.0276,3,1
269,RHAC,Rhinecanthus aculeatus,Balistidae,Triggerfish,SECONDARY,0.0522,2.641,1
325,RHLU,Rhinecanthus lunula,Balistidae,Triggerfish,SECONDARY,0.0321,2.87,1
270,RHRE,Rhinecanthus rectangulus,Balistidae,Triggerfish,SECONDARY,0.0522,2.641,1
86,SAOR,Sarda orientalis,Scombridae,Tuna,PISCIVORE,0.0217,2.97,0.906
367,SACA,Sargocentron caudimaculatum,Holocentridae,Soldierfish,SECONDARY,0.0232,2.9554,1
105,SADI,Sargocentron diadema,Holocentridae,Soldierfish,SECONDARY,0.02505,2.95522,0.92
94,SAEN,Sargocentron ensifer,Holocentridae,Soldierfish,SECONDARY,0.0219,3.047,0.91
143,SAMI,Sargocentron microstoma,Holocentridae,Soldierfish,SECONDARY,0.0219,3.047,0.94
127,SAPU,Sargocentron punctatissimum,Holocentridae,Soldierfish,SECONDARY,0.0219,3.047,0.93
129,SAPP,Sargocentron sp,Holocentridae,Soldierfish,SECONDARY,0.02192,3.04739,0.93
132,SASP,Sargocentron spiniferum,Holocentridae,Soldierfish,SECONDARY,0.01541,3.11881,0.93
501,SATI,Sargocentron tiere,Holocentridae,Soldierfish,SECONDARY,0.0234,3,1
128,SAXA,Sargocentron xantherythrum,Holocentridae,Soldierfish,SECONDARY,0.0219,3.047,0.93
144,SAFL,Saurida flamma,Synodontidae,Lizardfishes,PISCIVORE,0.008,3.059,0.94
147,SAGR,Saurida gracilis,Synodontidae,Lizardfishes,PISCIVORE,0.00657,3.16493,0.94
197,PARR,Scaridae,Scaridae,Parrotfish,PRIMARY,0.02337,2.95646,0.97
218,SCAL,Scarus altipinnis,Scaridae,Parrotfish,PRIMARY,0.0184,3.02932,0.98
368,SCDM,Scarus dimidiatus,Scaridae,Parrotfish,PRIMARY,0.02337,2.956,1
200,SCDU,Scarus dubius,Scaridae,Parrotfish,PRIMARY,0.0222,2.971,0.97
159,SCFE,Scarus festivus,Scaridae,Parrotfish,PRIMARY,0.0222,2.971,0.95
556,SCFO,Scarus forsteni,Scaridae,Parrotfish,PRIMARY,0.01859,3.0455,1
35,SCFR,Scarus frenatus,Scaridae,Parrotfish,PRIMARY,0.03203348,3.06,0.88
201,SCFU,Scarus fuscocaudalis,Scaridae,Parrotfish,PRIMARY,0.0222,2.971,0.97
204,SCGH,Scarus ghobban,Scaridae,Parrotfish,PRIMARY,0.0165,3.04116,0.97
480,SCGL,Scarus globiceps,Scaridae,Parrotfish,PRIMARY,0.0155,3,1
223,SCNI,Scarus niger,Scaridae,Parrotfish,PRIMARY,0.01335,3.15996,0.98
488,SCOV,Scarus oviceps,Scaridae,Parrotfish,PRIMARY,0.018,3,1
213,SCPS,Scarus psittacus,Scaridae,Parrotfish,PRIMARY,0.01045,3.31871,0.97
588,SCRU,Scarus rubroviolaceus,Scaridae,Parrotfish,PRIMARY,0.0136,3.109,1
217,SCSC,Scarus schlegeli,Scaridae,Parrotfish,PRIMARY,0.02306,2.96919,0.98
198,SCSP,Scarus sp,Scaridae,Parrotfish,PRIMARY,0.02337,2.95646,0.97
557,SCSI,Scarus spinus,Scaridae,Parrotfish,PRIMARY,0.01859,3.0455,1
558,SCTR,Scarus tricolor,Scaridae,Parrotfish,PRIMARY,0.01859,3.0455,1
141,SCXA,Scarus xanthopleura,Scaridae,Parrotfish,PRIMARY,0.0188,3.026,0.94
384,SCLI,Scolopsis lineata,Nemipteridae,Threadfin,SECONDARY,0.0205,2.984,1
33,SCLY,Scomberoides lysan,Carangidae,Jack,PISCIVORE,0.01085,2.92302,0.88
150,TUNA,Scombridae,Scombridae,Tuna,PISCIVORE,0.00572,3.34,0.94
410,SCPA,Scorpaenodes parvipinnis,Scorpaenidae,Scorpionfish,SECONDARY,0.02542,2.99886,1
337,SCCA,Scorpaenopsis cacopsis,Scorpaenidae,Scorpionfish,PISCIVORE,0.0246,2.908,1
338,SCDI,Scorpaenopsis diabolus,Scorpaenidae,Scorpionfish,PISCIVORE,0.0246,2.908,1
645,SCPP,Scorpaenopsis sp,Scorpaenidae,Scorpionfish,PISCIVORE,0.01305,3.26066,1
261,SCTI,Scuticaria tigrina,Muraenidae,Moray,PISCIVORE,0.0047,2.614,1
342,SEBA,Sebastapistes ballieui,Scorpaenidae,Scorpionfish,SECONDARY,0.0246,2.908,1
343,SECO,Sebastapistes coniorta,Scorpaenidae,Scorpionfish,SECONDARY,0.0246,2.908,1
344,SECY,Sebastapistes cyanostigma,Scorpaenidae,Scorpionfish,SECONDARY,0.0246,2.908,1
339,SESP,Sebastapistes sp,Scorpaenidae,Scorpionfish,PISCIVORE,0.0246,2.908,1
22,SEOX,Sectator ocyurus,Kyphosidae,Chub,PRIMARY,0.0129,3.151,0.86
79,SECR,Selar crumenophthalmus,Carangidae,Jack,PLANKTIVORE,0.0097,3.19378,0.9
354,SEDU,Seriola dumerili,Carangidae,Jack,PISCIVORE,0.0221,2.94,1
544,GROU,Serranidae,Serranidae,Grouper,PISCIVORE,0.01342,3.03051,1
170,RABB,Siganidae,Siganidae,Rabbitfish,PRIMARY,0.01448,3.12169,0.95
78,SIAR,Siganus argenteus,Siganidae,Rabbitfish,PRIMARY,0.0109,3.15419,0.9
59,SIPN,Siganus punctatus,Siganidae,Rabbitfish,PRIMARY,0.00949,3.27616,0.89
205,SISI,Siganus spinus,Siganidae,Rabbitfish,PRIMARY,0.015,3.093,0.97
166,SISP,Siphamia sp,Apogonidae,Cardinalfish,PLANKTIVORE,0.0155,3.121,0.95
45,SPBA,Sphyraena barracuda,Sphyraenidae,Barracuda,PISCIVORE,0.00617,3.01095,0.89
121,SPHE,Sphyraena helleri,Sphyraenidae,Barracuda,PISCIVORE,0.00561,3.019,0.93
106,SPQE,Sphyraena qenie,Sphyraenidae,Barracuda,PISCIVORE,0.0056,3,0.92
2,SPLE,Sphyrna lewini,Sphyrnidae,Hammerhead,PISCIVORE,0.00415,3.2387,0.77
3,HAMM,Sphyrnidae,Sphyrnidae,Hammerhead,PISCIVORE,0.0042,3.239,0.77
149,SPDE,Spratelloides delicatulus,Clupeidae,Herring etc,PLANKTIVORE,0.00929,3.314,0.94
518,STAL,Stegastes albifasciatus,Pomacentridae,Damselfish,PRIMARY,0.0296,3,1
346,STAU,Stegastes aureus,Pomacentridae,Damselfish,PRIMARY,0.0349,2.9109,1
347,STFA,Stegastes fasciolatus,Pomacentridae,Damselfish,PRIMARY,0.0349,2.9109,1
348,STLI,Stegastes lividus,Pomacentridae,Damselfish,PRIMARY,0.0349,2.9109,1
140,STNI,Stegastes nigricans,Pomacentridae,Damselfish,PRIMARY,0.03841,3.01,0.94
120,STSP,Stegastes sp,Pomacentridae,Damselfish,PRIMARY,0.03954,2.9891,0.93
477,STBA,Stethojulis balteata,Labridae,Wrasse,SECONDARY,0.015,3,1
257,STBN,Stethojulis bandanensis,Labridae,Wrasse,PLANKTIVORE,0.03035,2.581,1
328,STST,Stethojulis strigiventer,Labridae,Wrasse,SECONDARY,0.01908,2.87626,1
644,STTR,Stethojulis trilineata,Labridae,Wrasse,SECONDARY,0.0072,3.257,1
498,SUBU,Sufflamen bursa,Balistidae,Triggerfish,SECONDARY,0.0216,3,1
604,SUCH,Sufflamen chrysopterum,Balistidae,Triggerfish,SECONDARY,0.0153,3.152,1
548,SUFR,Sufflamen fraenatum,Balistidae,Triggerfish,SECONDARY,0.02881318,3.03482768,1
684,PIPE,Syngnathidae,Syngnathidae,Pipefishes and seahorses,PLANKTIVORE,4.00E-04,4.12011,1
145,LIZA,Synodontidae,Synodontidae,Lizardfishes,PISCIVORE,0.00848,3.0777,0.94
431,SYBI,Synodus binotatus,Synodontidae,Lizardfishes,PISCIVORE,0.0064,3,1
174,SYDE,Synodus dermatogenys,Synodontidae,Lizardfishes,PISCIVORE,0.0067,3.201,0.95
146,SYUL,Synodus ulae,Synodontidae,Lizardfishes,PISCIVORE,0.0085,3.078,0.94
193,SYVA,Synodus variegatus,Synodontidae,Lizardfishes,PISCIVORE,0.00314,3.4838,0.96
340,TATR,Taenianotus triacanthus,Scorpaenidae,Scorpionfish,PISCIVORE,0.0246,2.908,1
435,TAME,Taeniura meyeni,Dasyatidae,Stingray,SECONDARY,0.0087,3,1
290,PUFF,Tetraodontidae,Tetraodontidae,Pufferfish,SECONDARY,0.03974,2.78843,1
443,THAM,Thalassoma amblycephalum,Labridae,Wrasse,PLANKTIVORE,0.0095,3,1
221,THBA,Thalassoma ballieui,Labridae,Wrasse,SECONDARY,0.0123,3.097,0.98
74,THDU,Thalassoma duperrey,Labridae,Wrasse,SECONDARY,0.0123,3.097,0.9
51,THDQ,Thalassoma duperrey/quinquevittatum hybrid,Labridae,Wrasse,SECONDARY,0.0123,3.097,0.89
119,THHA,Thalassoma hardwicke,Labridae,Wrasse,PLANKTIVORE,0.01783,2.97765,0.93
60,THLN,Thalassoma lunare,Labridae,Wrasse,PLANKTIVORE,0.0211,2.83173999,0.9
49,THLU,Thalassoma lutescens,Labridae,Wrasse,SECONDARY,0.013,3.04186,0.89
511,THPU,Thalassoma purpureum,Labridae,Wrasse,SECONDARY,0.0259,3,1
464,THQU,Thalassoma quinquevittatum,Labridae,Wrasse,SECONDARY,0.0139,3,1
75,THSP,Thalassoma sp,Labridae,Wrasse,SECONDARY,0.01231,3.09702,0.9
376,THTR,Thalassoma trilobatum,Labridae,Wrasse,SECONDARY,0.0159,2.9718,1
138,THAL,Thunnus albacares,Scombridae,Tuna,PISCIVORE,0.0214,2.974,0.94
282,TRBA,Trachinotus baillonii,Carangidae,Jack,PISCIVORE,0.0311,2.7347,1
241,TRBL,Trachinotus blochii,Carangidae,Jack,SECONDARY,0.088,2.272,1
6,TROB,Triaenodon obesus,Carcharhinidae,Requiem,PISCIVORE,0.0018,3.34393,0.8
212,TYCR,Tylosurus crocodilus,Belonidae,Needlefish,PISCIVORE,0.00057,3.28481,0.97
615,FISH,Un-id fish sp,UNKNOWN,Unspecified Fish,SECONDARY,0.01067,3.17765,1
82,UPTA,Upeneus taeniopterus,Mullidae,Goatfish,SECONDARY,0.0103,3.215,0.9
555,VAST,Valenciennea strigata,Gobiidae,Goby,SECONDARY,0.00929,3.0455,1
27,VAAL,Variola albimarginata,Serranidae,Grouper,PISCIVORE,0.02414142,3.06625252,0.87
36,VALO,Variola louti,Serranidae,Grouper,PISCIVORE,0.01219,3.07913,0.88
352,XAAU,Xanthichthys auromarginatus,Balistidae,Triggerfish,PLANKTIVORE,0.0277,2.9321,1
110,XACA,Xanthichthys caeruleolineatus,Balistidae,Triggerfish,PLANKTIVORE,0.019,3.078,0.92
353,XAME,Xanthichthys mento,Balistidae,Triggerfish,PLANKTIVORE,0.0277,2.9321,1
192,ZACO,Zanclus cornutus,Zanclidae,Moorish idol,SECONDARY,0.0147,3.36990999,0.96
607,ZEFL,Zebrasoma flavescens,Acanthuridae,Surgeonfish,PRIMARY,0.0148,3.16,1
402,ZERO,Zebrasoma rostratum,Acanthuridae,Surgeonfish,PRIMARY,0.0285,2.9923,1
403,ZESC,Zebrasoma scopas,Acanthuridae,Surgeonfish,PRIMARY,0.02905,2.99274,1
324,ZEVE,Zebrasoma veliferum,Acanthuridae,Surgeonfish,PRIMARY,0.03425,2.86581,1